{
  "accuracy": 0.9484375,
  "balanced_accuracy": 0.9485733195561733,
  "log_loss": 0.11828541129709065,
  "loss": 0.11780192057291666,
  "mb_mean_score": 0.1875,
  "mb_sparsity": 0.1875,
  "roc_auc": 0.9917961760410037,
  "num_datasets": 30,
  "aggregation": "mean_over_datasets",
  "train_mode": "baseline",
  "mb_score_source": "oracle",
  "mb_injection": "cls_soft_bias"
}