{
  "step": 29,
  "train_mode": "baseline",
  "mb_score_source": "oracle",
  "mb_injection": "cls_soft_bias",
  "accuracy": 0.9453125,
  "balanced_accuracy": 0.9468625650443832,
  "log_loss": 0.10305880807965333,
  "roc_auc": 0.9950413223140495,
  "loss": 0.1026611328125,
  "mb_sparsity": 0.1875,
  "mb_mean_score": 0.1875
}