accuracy,aggregation,balanced_accuracy,case_dir,case_name,log_loss,loss,mb_injection,mb_mean_score,mb_score_source,mb_sparsity,num_datasets,roc_auc,train_mode
0.9528645833333332,mean_over_datasets,0.9529401657826638,results/step1/test1_dag30_talentlike/mb_bias_init_4.0/scale_sweep/large/baseline,baseline,0.1133415436131138,0.11296488444010416,none,0.0,none,0.0,30,0.9924154640450591,baseline
0.9485243055555556,mean_over_datasets,0.9486505534212648,results/step1/test1_dag30_talentlike/mb_bias_init_4.0/scale_sweep/large/shuffled,shuffled,0.11686527318511593,0.1164520263671875,cls_soft_bias,0.1666666716337204,shuffled,0.1666666716337204,30,0.9916150653869467,baseline
0.9503472222222222,mean_over_datasets,0.9504933758619311,results/step1/test1_dag30_talentlike/mb_bias_init_4.0/scale_sweep/large/mi,mi,0.11738699424528841,0.11700236002604167,cls_soft_bias,0.09459013044834137,mi,0.0704861126219233,30,0.9915874685255844,baseline
0.9543402777777777,mean_over_datasets,0.95445644859738,results/step1/test1_dag30_talentlike/mb_bias_init_4.0/scale_sweep/large/oracle,oracle,0.10397350337099363,0.103515625,cls_soft_bias,0.1666666716337204,oracle,0.1666666716337204,30,0.9935261840108311,baseline
0.9506944444444445,mean_over_datasets,0.9508871461322196,results/step1/test1_dag30_talentlike/mb_bias_init_4.0/scale_sweep/large/corr,corr,0.1157045385509285,0.1153167724609375,cls_soft_bias,0.19953544388214747,corr,0.09166666933645805,30,0.9918473682145557,baseline
0.9500868055555555,mean_over_datasets,0.9501704939144837,results/step1/test1_dag30_talentlike/mb_bias_init_4.0/scale_sweep/large/random,random,0.11595049928253051,0.11553243001302084,cls_soft_bias,0.45743316411972046,random,0.4166666865348816,30,0.9917666425830797,baseline
