{
  "accuracy": 0.9545138888888887,
  "balanced_accuracy": 0.9545742250642765,
  "log_loss": 0.1069169585419,
  "loss": 0.10651143391927083,
  "mb_mean_score": 0.1666666716337204,
  "mb_sparsity": 0.1666666716337204,
  "roc_auc": 0.9932082560095411,
  "num_datasets": 30,
  "aggregation": "mean_over_datasets",
  "train_mode": "baseline",
  "mb_score_source": "oracle",
  "mb_injection": "cls_soft_bias"
}