{
  "step": 29,
  "train_mode": "baseline",
  "mb_score_source": "oracle",
  "mb_injection": "cls_soft_bias",
  "accuracy": 0.96875,
  "balanced_accuracy": 0.9686609686609686,
  "log_loss": 0.06030013440103336,
  "roc_auc": 0.9978835978835978,
  "loss": 0.05987548828125,
  "mb_sparsity": 0.1666666716337204,
  "mb_mean_score": 0.1666666716337204
}