{
  "accuracy": 0.9687662760416667,
  "balanced_accuracy": 0.9687594952133084,
  "log_loss": 0.07406435544571775,
  "loss": 0.07364781697591145,
  "mb_mean_score": 0.17573267022768657,
  "mb_sparsity": 0.08125000428408384,
  "roc_auc": 0.9953598560584669,
  "num_datasets": 30,
  "aggregation": "mean_over_datasets",
  "train_mode": "baseline",
  "mb_score_source": "corr",
  "mb_injection": "cls_soft_bias"
}