{
  "step": 29,
  "train_mode": "baseline",
  "mb_score_source": "corr",
  "mb_injection": "cls_soft_bias",
  "accuracy": 0.975830078125,
  "balanced_accuracy": 0.9758356370797674,
  "log_loss": 0.056690105598987156,
  "roc_auc": 0.9981710697132149,
  "loss": 0.055938720703125,
  "mb_sparsity": 0.0535714328289032,
  "mb_mean_score": 0.15589284896850586
}