{
  "step": 29,
  "train_mode": "baseline",
  "mb_score_source": "corr",
  "mb_injection": "cls_soft_bias",
  "accuracy": 0.90625,
  "balanced_accuracy": 0.90625,
  "log_loss": 0.21928195706445858,
  "roc_auc": 0.97900390625,
  "loss": 0.2188720703125,
  "mb_sparsity": 0.09375,
  "mb_mean_score": 0.2662516236305237
}