{
  "accuracy": 0.9490315755208333,
  "balanced_accuracy": 0.9490341691730574,
  "log_loss": 0.11928287035626292,
  "loss": 0.11886647542317709,
  "mb_mean_score": 0.25,
  "mb_sparsity": 0.25,
  "roc_auc": 0.9891600290843031,
  "num_datasets": 30,
  "aggregation": "mean_over_datasets",
  "train_mode": "baseline",
  "mb_score_source": "shuffled",
  "mb_injection": "cls_soft_bias"
}