{
  "accuracy": 0.9451334635416667,
  "balanced_accuracy": 0.9451303898572554,
  "log_loss": 0.12301507503601235,
  "loss": 0.122564697265625,
  "mb_mean_score": 0.17573267022768657,
  "mb_sparsity": 0.08125000428408384,
  "roc_auc": 0.9861543963097851,
  "num_datasets": 30,
  "aggregation": "mean_over_datasets",
  "train_mode": "baseline",
  "mb_score_source": "corr",
  "mb_injection": "cls_soft_bias"
}