{
  "step": 29,
  "train_mode": "baseline",
  "mb_score_source": "corr",
  "mb_injection": "cls_soft_bias",
  "accuracy": 0.978271484375,
  "balanced_accuracy": 0.9782670581545471,
  "log_loss": 0.04982903518868463,
  "roc_auc": 0.998521310697609,
  "loss": 0.049041748046875,
  "mb_sparsity": 0.0535714328289032,
  "mb_mean_score": 0.15589284896850586
}