{
  "step": 4,
  "train_mode": "baseline",
  "mb_score_source": "mi",
  "mb_injection": "cls_soft_bias",
  "accuracy": 0.921875,
  "balanced_accuracy": 0.921875,
  "log_loss": 0.21903571330181393,
  "roc_auc": 0.97802734375,
  "loss": 0.2191162109375,
  "mb_sparsity": 0.1875,
  "mb_mean_score": 0.24047350883483887
}