{
  "step": 29,
  "train_mode": "baseline",
  "mb_score_source": "oracle",
  "mb_injection": "cls_soft_bias",
  "accuracy": 0.84375,
  "balanced_accuracy": 0.8598598598598599,
  "log_loss": 0.34959911889069745,
  "roc_auc": 0.9519519519519519,
  "loss": 0.349609375,
  "mb_sparsity": 0.1875,
  "mb_mean_score": 0.1875
}