{
  "step": 4,
  "train_mode": "baseline",
  "mb_score_source": "oracle",
  "mb_injection": "cls_soft_bias",
  "accuracy": 0.9140625,
  "balanced_accuracy": 0.9146520146520146,
  "log_loss": 0.18682102621720514,
  "roc_auc": 0.9841575091575092,
  "loss": 0.1868896484375,
  "mb_sparsity": 0.1875,
  "mb_mean_score": 0.1875
}