accuracy,balanced_accuracy,log_loss,loss,mb_injection,mb_mean_score,mb_score_source,mb_sparsity,roc_auc,step,train_mode
0.8828125,0.8828125,0.2500140913357362,0.25,cls_soft_bias,0.1875,oracle,0.1875,0.966949462890625,0,baseline
0.8828125,0.8829274247695782,0.2465271292948517,0.24658203125,cls_soft_bias,0.1875,oracle,0.1875,0.9642617347250199,1,baseline
0.88671875,0.8867302052785924,0.2521068248961942,0.252197265625,cls_soft_bias,0.1875,oracle,0.1875,0.9643817204301075,2,baseline
0.91015625,0.9099371299517793,0.22527707742349973,0.2252197265625,cls_soft_bias,0.1875,oracle,0.1875,0.9699993896111823,3,baseline
0.9140625,0.9146520146520146,0.18682102621720514,0.1868896484375,cls_soft_bias,0.1875,oracle,0.1875,0.9841575091575092,4,baseline
