{
  "accuracy": 0.8429931640625,
  "balanced_accuracy": 0.8429602080133821,
  "log_loss": 0.34537313408758624,
  "loss": 0.3457438151041667,
  "mb_mean_score": 0.46127429604530334,
  "mb_sparsity": 0.4285714626312256,
  "roc_auc": 0.9115146174978598,
  "num_datasets": 30,
  "aggregation": "mean_over_datasets",
  "train_mode": "baseline",
  "mb_score_source": "random",
  "mb_injection": "cls_soft_bias"
}