{
  "step": 29,
  "train_mode": "baseline",
  "mb_score_source": "random",
  "mb_injection": "cls_soft_bias",
  "accuracy": 0.971435546875,
  "balanced_accuracy": 0.9714544060864205,
  "log_loss": 0.06576714616293855,
  "roc_auc": 0.9974431692875136,
  "loss": 0.0650634765625,
  "mb_sparsity": 0.4285714626312256,
  "mb_mean_score": 0.46127429604530334
}