{
  "step": 29,
  "train_mode": "baseline",
  "mb_score_source": "none",
  "mb_injection": "none",
  "accuracy": 0.951171875,
  "balanced_accuracy": 0.9517066307805236,
  "log_loss": 0.10608129502285185,
  "roc_auc": 0.9936001345730365,
  "loss": 0.10565185546875,
  "mb_sparsity": 0.0,
  "mb_mean_score": 0.0
}