{
  "accuracy": 0.9678059895833333,
  "balanced_accuracy": 0.9678121899640526,
  "log_loss": 0.07512490624264709,
  "loss": 0.07446390787760417,
  "mb_mean_score": 0.10705941667159398,
  "mb_sparsity": 0.08402778034408888,
  "roc_auc": 0.9965841229621654,
  "num_datasets": 30,
  "aggregation": "mean_over_datasets",
  "train_mode": "baseline",
  "mb_score_source": "mi",
  "mb_injection": "cls_soft_bias"
}