{
  "step": 29,
  "train_mode": "baseline",
  "mb_score_source": "mi",
  "mb_injection": "cls_soft_bias",
  "accuracy": 0.98046875,
  "balanced_accuracy": 0.9804801196293625,
  "log_loss": 0.04529549504852219,
  "roc_auc": 0.9989051777083501,
  "loss": 0.044586181640625,
  "mb_sparsity": 0.0416666679084301,
  "mb_mean_score": 0.06814157962799072
}