{
  "accuracy": 0.9611979166666667,
  "balanced_accuracy": 0.9614215867352427,
  "log_loss": 0.08876065106353817,
  "loss": 0.08828226725260417,
  "mb_mean_score": 0.11307159935434659,
  "mb_sparsity": 0.0847222238779068,
  "roc_auc": 0.9955197988749289,
  "num_datasets": 30,
  "aggregation": "mean_over_datasets",
  "train_mode": "baseline",
  "mb_score_source": "mi",
  "mb_injection": "cls_soft_bias"
}