{
  "step": 29,
  "train_mode": "baseline",
  "mb_score_source": "mi",
  "mb_injection": "cls_soft_bias",
  "accuracy": 0.96484375,
  "balanced_accuracy": 0.9651759530791789,
  "log_loss": 0.07730270394204422,
  "roc_auc": 0.9965481427174976,
  "loss": 0.076904296875,
  "mb_sparsity": 0.0416666679084301,
  "mb_mean_score": 0.07788513600826263
}