{
  "step": 29,
  "train_mode": "baseline",
  "mb_score_source": "mi",
  "mb_injection": "cls_soft_bias",
  "accuracy": 0.9453125,
  "balanced_accuracy": 0.9464340373431283,
  "log_loss": 0.17288816608253307,
  "roc_auc": 0.9834404652586471,
  "loss": 0.1727294921875,
  "mb_sparsity": 0.03125,
  "mb_mean_score": 0.07971439510583878
}