{
  "step": 29,
  "train_mode": "baseline",
  "mb_score_source": "none",
  "mb_injection": "none",
  "accuracy": 0.9296875,
  "balanced_accuracy": 0.9310007340347444,
  "log_loss": 0.17306337165510388,
  "roc_auc": 0.9830560313188158,
  "loss": 0.1728515625,
  "mb_sparsity": 0.0,
  "mb_mean_score": 0.0
}