{
  "accuracy": 0.9816243489583333,
  "balanced_accuracy": 0.9816223671433373,
  "log_loss": 0.04583737466398986,
  "loss": 0.04521662394205729,
  "mb_mean_score": 0.25,
  "mb_sparsity": 0.25,
  "roc_auc": 0.9986517682686362,
  "num_datasets": 30,
  "aggregation": "mean_over_datasets",
  "train_mode": "baseline",
  "mb_score_source": "oracle",
  "mb_injection": "cls_soft_bias"
}