{
  "accuracy": 0.9315104166666667,
  "balanced_accuracy": 0.9316471050640687,
  "log_loss": 0.14925401583602876,
  "loss": 0.14886881510416666,
  "mb_mean_score": 0.435289204120636,
  "mb_sparsity": 0.375,
  "roc_auc": 0.986367999038708,
  "num_datasets": 30,
  "aggregation": "mean_over_datasets",
  "train_mode": "baseline",
  "mb_score_source": "random",
  "mb_injection": "cls_soft_bias"
}