{
  "step": 29,
  "train_mode": "baseline",
  "mb_score_source": "random",
  "mb_injection": "cls_soft_bias",
  "accuracy": 0.94921875,
  "balanced_accuracy": 0.9501377410468319,
  "log_loss": 0.11729534186285656,
  "roc_auc": 0.9939393939393939,
  "loss": 0.11688232421875,
  "mb_sparsity": 0.375,
  "mb_mean_score": 0.435289204120636
}