{
  "accuracy": 0.9503472222222222,
  "balanced_accuracy": 0.9504933758619311,
  "log_loss": 0.11738699424528841,
  "loss": 0.11700236002604167,
  "mb_mean_score": 0.09459013044834137,
  "mb_sparsity": 0.0704861126219233,
  "roc_auc": 0.9915874685255844,
  "num_datasets": 30,
  "aggregation": "mean_over_datasets",
  "train_mode": "baseline",
  "mb_score_source": "mi",
  "mb_injection": "cls_soft_bias"
}