{
  "step": 29,
  "train_mode": "baseline",
  "mb_score_source": "mi",
  "mb_injection": "cls_soft_bias",
  "accuracy": 0.9635416666666666,
  "balanced_accuracy": 0.9632885632885633,
  "log_loss": 0.07883980554942525,
  "roc_auc": 0.9957943291276625,
  "loss": 0.078369140625,
  "mb_sparsity": 0.09375,
  "mb_mean_score": 0.1213347315788269
}