{
  "accuracy": 0.9575520833333333,
  "balanced_accuracy": 0.9577702121757249,
  "log_loss": 0.10023307593064296,
  "loss": 0.09977315266927084,
  "mb_mean_score": 0.25,
  "mb_sparsity": 0.25,
  "roc_auc": 0.994355528407956,
  "num_datasets": 30,
  "aggregation": "mean_over_datasets",
  "train_mode": "baseline",
  "mb_score_source": "oracle",
  "mb_injection": "cls_soft_bias"
}