accuracy,aggregation,balanced_accuracy,case_dir,case_name,log_loss,loss,mb_injection,mb_mean_score,mb_score_source,mb_sparsity,num_datasets,roc_auc,train_mode
0.9528645833333332,mean_over_datasets,0.9529401657826638,results/step1/test1_dag30_talentlike/mb_bias_init_2.0/scale_sweep/large/baseline,baseline,0.1133415436131138,0.11296488444010416,none,0.0,none,0.0,30,0.9924154640450591,baseline
0.9514756944444442,mean_over_datasets,0.9515895239080951,results/step1/test1_dag30_talentlike/mb_bias_init_2.0/scale_sweep/large/shuffled,shuffled,0.11257750185599899,0.11218465169270833,cls_soft_bias,0.1666666716337204,shuffled,0.1666666716337204,30,0.992420127968016,baseline
0.9509548611111109,mean_over_datasets,0.9510630103493151,results/step1/test1_dag30_talentlike/mb_bias_init_2.0/scale_sweep/large/mi,mi,0.11312128154706909,0.11275227864583333,cls_soft_bias,0.09459013044834137,mi,0.0704861126219233,30,0.9923350625798243,baseline
0.9545138888888887,mean_over_datasets,0.9545742250642765,results/step1/test1_dag30_talentlike/mb_bias_init_2.0/scale_sweep/large/oracle,oracle,0.1069169585419,0.10651143391927083,cls_soft_bias,0.1666666716337204,oracle,0.1666666716337204,30,0.9932082560095411,baseline
0.9510416666666663,mean_over_datasets,0.9511554952663275,results/step1/test1_dag30_talentlike/mb_bias_init_2.0/scale_sweep/large/corr,corr,0.1130115985031337,0.11263224283854166,cls_soft_bias,0.19953544388214747,corr,0.09166666933645805,30,0.992315140419468,baseline
0.9515625,mean_over_datasets,0.9516728938887777,results/step1/test1_dag30_talentlike/mb_bias_init_2.0/scale_sweep/large/random,random,0.11248542143579957,0.112078857421875,cls_soft_bias,0.45743316411972046,random,0.4166666865348816,30,0.9923554485702392,baseline
