{
  "accuracy": 0.9270182291666667,
  "balanced_accuracy": 0.9270175895299274,
  "log_loss": 0.1650576779500779,
  "loss": 0.1648040771484375,
  "mb_mean_score": 0.46127429604530334,
  "mb_sparsity": 0.4285714626312256,
  "roc_auc": 0.9773825579457424,
  "num_datasets": 30,
  "aggregation": "mean_over_datasets",
  "train_mode": "baseline",
  "mb_score_source": "random",
  "mb_injection": "cls_soft_bias"
}