{
  "step": 29,
  "train_mode": "baseline",
  "mb_score_source": "mi",
  "mb_injection": "cls_soft_bias",
  "accuracy": 0.97705078125,
  "balanced_accuracy": 0.9770471752432792,
  "log_loss": 0.05227990955594099,
  "roc_auc": 0.9983892252616973,
  "loss": 0.051483154296875,
  "mb_sparsity": 0.0535714328289032,
  "mb_mean_score": 0.061522435396909714
}