{
  "accuracy": 0.94375,
  "balanced_accuracy": 0.9439265677693102,
  "log_loss": 0.12310723105550998,
  "loss": 0.12272542317708333,
  "mb_mean_score": 0.4387126564979553,
  "mb_sparsity": 0.375,
  "roc_auc": 0.9905947486145101,
  "num_datasets": 30,
  "aggregation": "mean_over_datasets",
  "train_mode": "baseline",
  "mb_score_source": "random",
  "mb_injection": "cls_soft_bias"
}