{
  "X_shape": [
    512,
    48
  ],
  "y_shape": [
    512
  ],
  "mb_shape": [
    48
  ],
  "mb_positive": 12.0,
  "target_std": 0.5004889965057373,
  "mb_abs_mean": 1.0490754842758179,
  "non_mb_abs_mean": 0.7881267070770264
}