{
  "step": 29,
  "train_mode": "baseline",
  "mb_score_source": "mi",
  "mb_injection": "cls_soft_bias",
  "accuracy": 0.9609375,
  "balanced_accuracy": 0.9614020063616344,
  "log_loss": 0.0972817148472897,
  "roc_auc": 0.9948617567898214,
  "loss": 0.096923828125,
  "mb_sparsity": 0.09375,
  "mb_mean_score": 0.12409842759370804
}