{
  "step": 29,
  "train_mode": "baseline",
  "mb_score_source": "mi",
  "mb_injection": "cls_soft_bias",
  "accuracy": 0.96484375,
  "balanced_accuracy": 0.9649315738025416,
  "log_loss": 0.08273452296117093,
  "roc_auc": 0.9957844574780058,
  "loss": 0.082275390625,
  "mb_sparsity": 0.0416666679084301,
  "mb_mean_score": 0.07788513600826263
}