{
  "accuracy": 0.94228515625,
  "balanced_accuracy": 0.9423136064657488,
  "log_loss": 0.1354648953232737,
  "loss": 0.1352752685546875,
  "mb_mean_score": 0.45743316411972046,
  "mb_sparsity": 0.4166666865348816,
  "roc_auc": 0.983916012539671,
  "num_datasets": 30,
  "aggregation": "mean_over_datasets",
  "train_mode": "baseline",
  "mb_score_source": "random",
  "mb_injection": "cls_soft_bias"
}