{
  "accuracy": 0.9733968098958333,
  "balanced_accuracy": 0.9733968417093173,
  "log_loss": 0.06453939812694512,
  "loss": 0.06410471598307292,
  "mb_mean_score": 0.46127429604530334,
  "mb_sparsity": 0.4285714626312256,
  "roc_auc": 0.9971199012950224,
  "num_datasets": 30,
  "aggregation": "mean_over_datasets",
  "train_mode": "baseline",
  "mb_score_source": "random",
  "mb_injection": "cls_soft_bias"
}