{
  "step": 29,
  "train_mode": "baseline",
  "mb_score_source": "mi",
  "mb_injection": "cls_soft_bias",
  "accuracy": 0.9140625,
  "balanced_accuracy": 0.9140625,
  "log_loss": 0.2134690389940014,
  "roc_auc": 0.979736328125,
  "loss": 0.213134765625,
  "mb_sparsity": 0.03125,
  "mb_mean_score": 0.08974999934434891
}