{
  "accuracy": 0.98046875,
  "balanced_accuracy": 0.9804811305995113,
  "log_loss": 0.046487603403323745,
  "loss": 0.045767720540364584,
  "mb_mean_score": 0.25,
  "mb_sparsity": 0.25,
  "roc_auc": 0.9986900458331572,
  "num_datasets": 30,
  "aggregation": "mean_over_datasets",
  "train_mode": "baseline",
  "mb_score_source": "oracle",
  "mb_injection": "cls_soft_bias"
}