accuracy,aggregation,balanced_accuracy,case_dir,case_name,log_loss,loss,mb_injection,mb_mean_score,mb_score_source,mb_sparsity,num_datasets,roc_auc,train_mode
0.8635416666666667,mean_over_datasets,0.8669719058031753,results/step1/test1/mb_bias_init_2.0/scale_sweep/small/baseline,baseline,0.31082424600756814,0.310845947265625,none,0.0,none,0.0,30,0.9278600035272105,baseline
0.8666666666666667,mean_over_datasets,0.870687786227647,results/step1/test1/mb_bias_init_2.0/scale_sweep/small/shuffled,shuffled,0.2888386691394697,0.2888407389322917,cls_soft_bias,0.25,shuffled,0.25,30,0.9301042542893839,baseline
0.86875,mean_over_datasets,0.8724515504275566,results/step1/test1/mb_bias_init_2.0/scale_sweep/small/mi,mi,0.2806119137088706,0.28061116536458336,cls_soft_bias,0.21870233515898388,mi,0.16875,30,0.93210369107694,baseline
0.859375,mean_over_datasets,0.8632893128829662,results/step1/test1/mb_bias_init_2.0/scale_sweep/small/oracle,oracle,0.28953356764979193,0.289556884765625,cls_soft_bias,0.25,oracle,0.25,30,0.9276245159307998,baseline
0.8677083333333333,mean_over_datasets,0.8716250253730905,results/step1/test1/mb_bias_init_2.0/scale_sweep/small/corr,corr,0.27989752714515354,0.27989095052083335,cls_soft_bias,0.36237937410672505,corr,0.2791666666666667,30,0.9283483483464133,baseline
0.8677083333333333,mean_over_datasets,0.8721414347033544,results/step1/test1/mb_bias_init_2.0/scale_sweep/small/random,random,0.28619552055811787,0.2862019856770833,cls_soft_bias,0.4098867177963257,random,0.375,30,0.9306170646850068,baseline
