{
  "step": 29,
  "train_mode": "baseline",
  "mb_score_source": "oracle",
  "mb_injection": "cls_soft_bias",
  "accuracy": 0.75,
  "balanced_accuracy": 0.746031746031746,
  "log_loss": 0.5414739747648941,
  "roc_auc": 0.884920634920635,
  "loss": 0.54150390625,
  "mb_sparsity": 0.25,
  "mb_mean_score": 0.25
}