{
  "accuracy": 0.97001953125,
  "balanced_accuracy": 0.9699789368510522,
  "log_loss": 0.07037802502679288,
  "loss": 0.06974894205729167,
  "mb_mean_score": 0.09970646339158216,
  "mb_sparsity": 0.08500000151495139,
  "roc_auc": 0.9967118976865889,
  "num_datasets": 30,
  "aggregation": "mean_over_datasets",
  "train_mode": "baseline",
  "mb_score_source": "mi",
  "mb_injection": "cls_soft_bias"
}