{
  "step": 29,
  "train_mode": "baseline",
  "mb_score_source": "mi",
  "mb_injection": "cls_soft_bias",
  "accuracy": 0.9775390625,
  "balanced_accuracy": 0.9773587641770085,
  "log_loss": 0.05615301610460957,
  "roc_auc": 0.9980537619636396,
  "loss": 0.055450439453125,
  "mb_sparsity": 0.2874999940395355,
  "mb_mean_score": 0.24527433514595032
}