{
  "accuracy": 0.9790364583333333,
  "balanced_accuracy": 0.9790329131134917,
  "log_loss": 0.05082183280816665,
  "loss": 0.0500823974609375,
  "mb_mean_score": 0.25,
  "mb_sparsity": 0.25,
  "roc_auc": 0.9983249894957011,
  "num_datasets": 30,
  "aggregation": "mean_over_datasets",
  "train_mode": "baseline",
  "mb_score_source": "oracle",
  "mb_injection": "cls_soft_bias"
}