{
  "step": 29,
  "train_mode": "baseline",
  "mb_score_source": "oracle",
  "mb_injection": "cls_soft_bias",
  "accuracy": 0.984130859375,
  "balanced_accuracy": 0.9841198258093511,
  "log_loss": 0.03536304334606432,
  "roc_auc": 0.9992884314377642,
  "loss": 0.034515380859375,
  "mb_sparsity": 0.25,
  "mb_mean_score": 0.25
}