{
  "accuracy": 0.9317708333333333,
  "balanced_accuracy": 0.932085718186742,
  "log_loss": 0.15673059340781237,
  "loss": 0.1564361572265625,
  "mb_mean_score": 0.1875,
  "mb_sparsity": 0.1875,
  "roc_auc": 0.9849161121891455,
  "num_datasets": 30,
  "aggregation": "mean_over_datasets",
  "train_mode": "baseline",
  "mb_score_source": "shuffled",
  "mb_injection": "cls_soft_bias"
}