{
  "step": 29,
  "train_mode": "baseline",
  "mb_score_source": "shuffled",
  "mb_injection": "cls_soft_bias",
  "accuracy": 0.9296875,
  "balanced_accuracy": 0.9307621671258035,
  "log_loss": 0.16763679073437326,
  "roc_auc": 0.9854912764003674,
  "loss": 0.1673583984375,
  "mb_sparsity": 0.1875,
  "mb_mean_score": 0.1875
}