{
  "accuracy": 0.9567708333333333,
  "balanced_accuracy": 0.9569605115416672,
  "log_loss": 0.10272390404659017,
  "loss": 0.10239156087239583,
  "mb_mean_score": 0.220031800866127,
  "mb_sparsity": 0.10625,
  "roc_auc": 0.9939694665848946,
  "num_datasets": 30,
  "aggregation": "mean_over_datasets",
  "train_mode": "baseline",
  "mb_score_source": "corr",
  "mb_injection": "cls_soft_bias"
}