{
  "step": 29,
  "train_mode": "baseline",
  "mb_score_source": "corr",
  "mb_injection": "cls_soft_bias",
  "accuracy": 0.953125,
  "balanced_accuracy": 0.9539393197944703,
  "log_loss": 0.10055745441186074,
  "roc_auc": 0.9950299730853928,
  "loss": 0.0999755859375,
  "mb_sparsity": 0.09375,
  "mb_mean_score": 0.2457917034626007
}