{
  "step": 29,
  "train_mode": "baseline",
  "mb_score_source": "corr",
  "mb_injection": "cls_soft_bias",
  "accuracy": 0.9635416666666666,
  "balanced_accuracy": 0.9632885632885633,
  "log_loss": 0.07860127781160868,
  "roc_auc": 0.9958757292090625,
  "loss": 0.07818603515625,
  "mb_sparsity": 0.1041666716337204,
  "mb_mean_score": 0.23116084933280945
}