{
  "accuracy": 0.9676432291666667,
  "balanced_accuracy": 0.9676816296160707,
  "log_loss": 0.07367287064650752,
  "loss": 0.07300923665364584,
  "mb_mean_score": 0.4387126564979553,
  "mb_sparsity": 0.375,
  "roc_auc": 0.9965993632586504,
  "num_datasets": 30,
  "aggregation": "mean_over_datasets",
  "train_mode": "baseline",
  "mb_score_source": "random",
  "mb_injection": "cls_soft_bias"
}