{
  "step": 29,
  "train_mode": "baseline",
  "mb_score_source": "random",
  "mb_injection": "cls_soft_bias",
  "accuracy": 0.9814453125,
  "balanced_accuracy": 0.9814471490751231,
  "log_loss": 0.050699001773336624,
  "roc_auc": 0.9986152596102127,
  "loss": 0.05010986328125,
  "mb_sparsity": 0.375,
  "mb_mean_score": 0.4387126564979553
}