{
  "accuracy": 0.933203125,
  "balanced_accuracy": 0.9335015902350007,
  "log_loss": 0.16563507409237302,
  "loss": 0.16617838541666666,
  "mb_mean_score": 0.11021797098219395,
  "mb_sparsity": 0.078125,
  "roc_auc": 0.9842630445731629,
  "num_datasets": 30,
  "aggregation": "mean_over_datasets",
  "train_mode": "baseline",
  "mb_score_source": "mi",
  "mb_injection": "cls_soft_bias"
}