{
  "step": 29,
  "train_mode": "baseline",
  "mb_score_source": "mi",
  "mb_injection": "cls_soft_bias",
  "accuracy": 0.91796875,
  "balanced_accuracy": 0.9192225283134374,
  "log_loss": 0.1903332799327634,
  "roc_auc": 0.9788490970309152,
  "loss": 0.1900634765625,
  "mb_sparsity": 0.03125,
  "mb_mean_score": 0.07971439510583878
}