{
  "accuracy": 0.940234375,
  "balanced_accuracy": 0.9402706537125789,
  "log_loss": 0.15353765754676818,
  "loss": 0.15312906901041667,
  "mb_mean_score": 0.22715164273977279,
  "mb_sparsity": 0.12135416666666667,
  "roc_auc": 0.9872823712336146,
  "num_datasets": 30,
  "aggregation": "mean_over_datasets",
  "train_mode": "baseline",
  "mb_score_source": "corr",
  "mb_injection": "cls_soft_bias"
}