{
  "step": 29,
  "train_mode": "baseline",
  "mb_score_source": "corr",
  "mb_injection": "cls_soft_bias",
  "accuracy": 0.9453125,
  "balanced_accuracy": 0.9455769819406183,
  "log_loss": 0.15500257144660715,
  "roc_auc": 0.9866850321395776,
  "loss": 0.15478515625,
  "mb_sparsity": 0.0625,
  "mb_mean_score": 0.18984484672546387
}