accuracy,balanced_accuracy,log_loss,loss,mb_injection,mb_mean_score,mb_score_source,mb_sparsity,roc_auc,step,train_mode
0.927734375,0.9274396666208728,0.16278188472723631,0.16259765625,cls_soft_bias,0.2533155679702759,corr,0.1484375,0.9842774495886187,0,baseline
0.9140625,0.9140625,0.17170953594451488,0.171630859375,cls_soft_bias,0.23903675377368927,corr,0.14453125,0.9825973510742188,1,baseline
0.955078125,0.9554639804639804,0.10625726911816555,0.10595703125,cls_soft_bias,0.23907819390296936,corr,0.140625,0.9940399877899878,2,baseline
0.92578125,0.925929316974913,0.16965227286342566,0.1695556640625,cls_soft_bias,0.251783549785614,corr,0.15234375,0.9832524568149912,3,baseline
0.943359375,0.9436749980891233,0.14553200490091323,0.1453857421875,cls_soft_bias,0.23982100188732147,corr,0.1328125,0.9884277306428189,4,baseline
