{
  "accuracy": 0.9805013020833333,
  "balanced_accuracy": 0.9805129318206393,
  "log_loss": 0.04648926955732168,
  "loss": 0.04576822916666667,
  "mb_mean_score": 0.25,
  "mb_sparsity": 0.25,
  "roc_auc": 0.9986895370261398,
  "num_datasets": 30,
  "aggregation": "mean_over_datasets",
  "train_mode": "baseline",
  "mb_score_source": "oracle",
  "mb_injection": "cls_soft_bias"
}