{
  "step": 29,
  "train_mode": "baseline",
  "mb_score_source": "oracle",
  "mb_injection": "cls_soft_bias",
  "accuracy": 0.9736328125,
  "balanced_accuracy": 0.973826866400965,
  "log_loss": 0.05978259534921339,
  "roc_auc": 0.9979542695496817,
  "loss": 0.05902099609375,
  "mb_sparsity": 0.25,
  "mb_mean_score": 0.25
}