{
  "X_shape": [
    4096,
    96
  ],
  "y_shape": [
    4096
  ],
  "mb_shape": [
    96
  ],
  "mb_positive": 24.0,
  "target_std": 0.50006103515625,
  "mb_abs_mean": 1.0318995714187622,
  "non_mb_abs_mean": 0.8428471088409424
}