{
  "accuracy": 0.8953125,
  "balanced_accuracy": 0.897095409318243,
  "log_loss": 0.2462709478931059,
  "loss": 0.24627685546875,
  "mb_mean_score": 0.4057244062423706,
  "mb_sparsity": 0.34375,
  "roc_auc": 0.9693453649906615,
  "num_datasets": 30,
  "aggregation": "mean_over_datasets",
  "train_mode": "baseline",
  "mb_score_source": "random",
  "mb_injection": "cls_soft_bias"
}