{
  "step": 29,
  "train_mode": "baseline",
  "mb_score_source": "random",
  "mb_injection": "cls_soft_bias",
  "accuracy": 0.8125,
  "balanced_accuracy": 0.8278278278278278,
  "log_loss": 0.37715333288898595,
  "roc_auc": 0.9469469469469468,
  "loss": 0.377197265625,
  "mb_sparsity": 0.34375,
  "mb_mean_score": 0.4057244062423706
}