accuracy,balanced_accuracy,log_loss,loss,mb_injection,mb_mean_score,mb_score_source,mb_sparsity,roc_auc,step,train_mode
0.8828125,0.8828125,0.2499818684893027,0.25,cls_soft_bias,0.4842285215854645,random,0.46875,0.96588134765625,0,baseline
0.8828125,0.8829274247695782,0.25113665646717476,0.251220703125,cls_soft_bias,0.4842285215854645,random,0.46875,0.9631325154123176,1,baseline
0.8828125,0.8831867057673509,0.2671888842431971,0.26708984375,cls_soft_bias,0.4842285215854645,random,0.46875,0.9611436950146627,2,baseline
0.91015625,0.9099371299517793,0.22002648882812342,0.2200927734375,cls_soft_bias,0.4842285215854645,random,0.46875,0.9715864005371422,3,baseline
0.921875,0.9222222222222223,0.18434623236778114,0.184326171875,cls_soft_bias,0.4842285215854645,random,0.46875,0.9837606837606838,4,baseline
