{
  "step": 29,
  "train_mode": "baseline",
  "mb_score_source": "corr",
  "mb_injection": "cls_soft_bias",
  "accuracy": 0.75,
  "balanced_accuracy": 0.746031746031746,
  "log_loss": 0.5623793304080824,
  "roc_auc": 0.878968253968254,
  "loss": 0.5625,
  "mb_sparsity": 0.1875,
  "mb_mean_score": 0.3725908398628235
}