{
  "accuracy": 0.924609375,
  "balanced_accuracy": 0.9247157158680892,
  "log_loss": 0.1978251376554975,
  "loss": 0.2009979248046875,
  "mb_mean_score": 0.24800729403893154,
  "mb_sparsity": 0.15000000533958277,
  "roc_auc": 0.9758529480703262,
  "num_datasets": 30,
  "aggregation": "mean_over_datasets",
  "train_mode": "baseline",
  "mb_score_source": "corr",
  "mb_injection": "cls_soft_bias"
}