{
  "step": 29,
  "train_mode": "baseline",
  "mb_score_source": "corr",
  "mb_injection": "cls_soft_bias",
  "accuracy": 0.91796875,
  "balanced_accuracy": 0.9201737215561536,
  "log_loss": 0.21890679554571935,
  "roc_auc": 0.9758686077807682,
  "loss": 0.218505859375,
  "mb_sparsity": 0.0625,
  "mb_mean_score": 0.21507267653942108
}