{
  "accuracy": 0.9559244791666667,
  "balanced_accuracy": 0.9561073803223313,
  "log_loss": 0.10690511492720013,
  "loss": 0.10679931640625,
  "mb_mean_score": 0.220031800866127,
  "mb_sparsity": 0.10625,
  "roc_auc": 0.9934357521090982,
  "num_datasets": 30,
  "aggregation": "mean_over_datasets",
  "train_mode": "baseline",
  "mb_score_source": "corr",
  "mb_injection": "cls_soft_bias"
}