{
  "step": 29,
  "train_mode": "baseline",
  "mb_score_source": "corr",
  "mb_injection": "cls_soft_bias",
  "accuracy": 0.962890625,
  "balanced_accuracy": 0.9636346953755811,
  "log_loss": 0.0909123045273676,
  "roc_auc": 0.99554226816736,
  "loss": 0.09027099609375,
  "mb_sparsity": 0.09375,
  "mb_mean_score": 0.2457917034626007
}