{
  "accuracy": 0.942578125,
  "balanced_accuracy": 0.9426253835705302,
  "log_loss": 0.1411737023975446,
  "loss": 0.140985107421875,
  "mb_mean_score": 0.24800729403893154,
  "mb_sparsity": 0.15000000533958277,
  "roc_auc": 0.9883350719248634,
  "num_datasets": 30,
  "aggregation": "mean_over_datasets",
  "train_mode": "baseline",
  "mb_score_source": "corr",
  "mb_injection": "cls_soft_bias"
}