{
  "step": 29,
  "train_mode": "baseline",
  "mb_score_source": "corr",
  "mb_injection": "cls_soft_bias",
  "accuracy": 0.921875,
  "balanced_accuracy": 0.922804012723269,
  "log_loss": 0.16343062292626803,
  "roc_auc": 0.9870932224125275,
  "loss": 0.1629638671875,
  "mb_sparsity": 0.0625,
  "mb_mean_score": 0.21507267653942108
}