{
  "accuracy": 0.9700358072916667,
  "balanced_accuracy": 0.9700533924278419,
  "log_loss": 0.07112468684054576,
  "loss": 0.0705169677734375,
  "mb_mean_score": 0.45743316411972046,
  "mb_sparsity": 0.4166666865348816,
  "roc_auc": 0.9968820828561996,
  "num_datasets": 30,
  "aggregation": "mean_over_datasets",
  "train_mode": "baseline",
  "mb_score_source": "random",
  "mb_injection": "cls_soft_bias"
}