{
  "step": 29,
  "train_mode": "baseline",
  "mb_score_source": "random",
  "mb_injection": "cls_soft_bias",
  "accuracy": 0.9677734375,
  "balanced_accuracy": 0.9677493242933712,
  "log_loss": 0.07953551585512104,
  "roc_auc": 0.9962153748072138,
  "loss": 0.078857421875,
  "mb_sparsity": 0.4166666865348816,
  "mb_mean_score": 0.45743316411972046
}