{
  "accuracy": 0.93984375,
  "balanced_accuracy": 0.9404356876938332,
  "log_loss": 0.14200497885231114,
  "loss": 0.14160105387369792,
  "mb_mean_score": 0.16009218469262124,
  "mb_sparsity": 0.115625,
  "roc_auc": 0.9879617462627265,
  "num_datasets": 30,
  "aggregation": "mean_over_datasets",
  "train_mode": "baseline",
  "mb_score_source": "mi",
  "mb_injection": "cls_soft_bias"
}