{
  "step": 29,
  "train_mode": "baseline",
  "mb_score_source": "mi",
  "mb_injection": "cls_soft_bias",
  "accuracy": 0.8984375,
  "balanced_accuracy": 0.8984375,
  "log_loss": 0.22294947670482287,
  "roc_auc": 0.9722900390625,
  "loss": 0.2227783203125,
  "mb_sparsity": 0.03125,
  "mb_mean_score": 0.08974999934434891
}