accuracy,balanced_accuracy,log_loss,loss,mb_injection,mb_mean_score,mb_score_source,mb_sparsity,roc_auc,step,train_mode
0.953125,0.9537558111083925,0.21694643364559502,0.2169189453125,cls_soft_bias,0.25,shuffled,0.25,0.9823831661365304,0,baseline
0.890625,0.8914956011730205,0.2944253713365693,0.29443359375,cls_soft_bias,0.25,shuffled,0.25,0.9574780058651027,1,baseline
0.8125,0.8178616352201258,0.3547730001996137,0.354736328125,cls_soft_bias,0.25,shuffled,0.25,0.9257861635220126,2,baseline
0.8828125,0.885386119257087,0.27244350521672744,0.2724609375,cls_soft_bias,0.25,shuffled,0.25,0.9772727272727273,3,baseline
0.921875,0.921875,0.21903571330181393,0.2191162109375,cls_soft_bias,0.25,shuffled,0.25,0.97802734375,4,baseline
