{
  "accuracy": 0.934722222222222,
  "balanced_accuracy": 0.9347803465402962,
  "log_loss": 0.1490963249601889,
  "loss": 0.148675537109375,
  "mb_mean_score": 0.45743316411972046,
  "mb_sparsity": 0.4166666865348816,
  "roc_auc": 0.9865809187828266,
  "num_datasets": 30,
  "aggregation": "mean_over_datasets",
  "train_mode": "baseline",
  "mb_score_source": "random",
  "mb_injection": "cls_soft_bias"
}