{
  "step": 29,
  "train_mode": "baseline",
  "mb_score_source": "random",
  "mb_injection": "cls_soft_bias",
  "accuracy": 0.96875,
  "balanced_accuracy": 0.9685795685795686,
  "log_loss": 0.0755989343398354,
  "roc_auc": 0.9965811965811966,
  "loss": 0.0750732421875,
  "mb_sparsity": 0.4166666865348816,
  "mb_mean_score": 0.45743316411972046
}