{
  "step": 29,
  "train_mode": "baseline",
  "mb_score_source": "shuffled",
  "mb_injection": "cls_soft_bias",
  "accuracy": 0.963134765625,
  "balanced_accuracy": 0.9631518589117734,
  "log_loss": 0.08553984768736755,
  "roc_auc": 0.995611973997766,
  "loss": 0.08489990234375,
  "mb_sparsity": 0.25,
  "mb_mean_score": 0.25
}