{
  "accuracy": 0.9756022135416667,
  "balanced_accuracy": 0.9756022011601585,
  "log_loss": 0.05647800491287056,
  "loss": 0.055814107259114586,
  "mb_mean_score": 0.46127429604530334,
  "mb_sparsity": 0.4285714626312256,
  "roc_auc": 0.9977974899337396,
  "num_datasets": 30,
  "aggregation": "mean_over_datasets",
  "train_mode": "baseline",
  "mb_score_source": "random",
  "mb_injection": "cls_soft_bias"
}