{
  "step": 29,
  "train_mode": "baseline",
  "mb_score_source": "random",
  "mb_injection": "cls_soft_bias",
  "accuracy": 0.982666015625,
  "balanced_accuracy": 0.9826749923407136,
  "log_loss": 0.039347541746457514,
  "roc_auc": 0.9991203443758189,
  "loss": 0.03851318359375,
  "mb_sparsity": 0.4285714626312256,
  "mb_mean_score": 0.46127429604530334
}