{
  "accuracy": 0.8635416666666667,
  "balanced_accuracy": 0.8669719058031753,
  "log_loss": 0.31082424600756814,
  "loss": 0.310845947265625,
  "mb_mean_score": 0.0,
  "mb_sparsity": 0.0,
  "roc_auc": 0.9278600035272105,
  "num_datasets": 30,
  "aggregation": "mean_over_datasets",
  "train_mode": "baseline",
  "mb_score_source": "none",
  "mb_injection": "none"
}