{
  "step": 29,
  "train_mode": "baseline",
  "mb_score_source": "none",
  "mb_injection": "none",
  "accuracy": 0.71875,
  "balanced_accuracy": 0.7182539682539683,
  "log_loss": 0.5260019560146304,
  "roc_auc": 0.873015873015873,
  "loss": 0.52587890625,
  "mb_sparsity": 0.0,
  "mb_mean_score": 0.0
}