{
  "accuracy": 0.9640299479166666,
  "balanced_accuracy": 0.9639708208823409,
  "log_loss": 0.08962175623859683,
  "loss": 0.08925196329752604,
  "mb_mean_score": 0.20741521765788395,
  "mb_sparsity": 0.10500000187506278,
  "roc_auc": 0.9944535850771694,
  "num_datasets": 30,
  "aggregation": "mean_over_datasets",
  "train_mode": "baseline",
  "mb_score_source": "corr",
  "mb_injection": "cls_soft_bias"
}