{
  "step": 29,
  "train_mode": "baseline",
  "mb_score_source": "corr",
  "mb_injection": "cls_soft_bias",
  "accuracy": 0.978515625,
  "balanced_accuracy": 0.9784311031735129,
  "log_loss": 0.05827059320646429,
  "roc_auc": 0.9981548900184702,
  "loss": 0.057464599609375,
  "mb_sparsity": 0.3375000059604645,
  "mb_mean_score": 0.35770273208618164
}