{
  "accuracy": 0.8212890625,
  "balanced_accuracy": 0.8216283239611405,
  "log_loss": 0.4079957260104088,
  "loss": 0.40939737955729166,
  "mb_mean_score": 0.435289204120636,
  "mb_sparsity": 0.375,
  "roc_auc": 0.8929815147734895,
  "num_datasets": 30,
  "aggregation": "mean_over_datasets",
  "train_mode": "baseline",
  "mb_score_source": "random",
  "mb_injection": "cls_soft_bias"
}