{
  "X_shape": [
    1024,
    64
  ],
  "y_shape": [
    1024
  ],
  "mb_shape": [
    64
  ],
  "mb_positive": 16.0,
  "target_std": 0.5002443194389343,
  "mb_abs_mean": 1.2432337999343872,
  "non_mb_abs_mean": 0.8187596201896667
}