{
  "accuracy": 0.9520833333333335,
  "balanced_accuracy": 0.9521789185673526,
  "log_loss": 0.11244480968422146,
  "loss": 0.11207173665364584,
  "mb_mean_score": 0.1666666716337204,
  "mb_sparsity": 0.1666666716337204,
  "roc_auc": 0.9925241169068446,
  "num_datasets": 30,
  "aggregation": "mean_over_datasets",
  "train_mode": "baseline",
  "mb_score_source": "shuffled",
  "mb_injection": "cls_soft_bias"
}