{
  "step": 29,
  "train_mode": "baseline",
  "mb_score_source": "shuffled",
  "mb_injection": "cls_soft_bias",
  "accuracy": 0.96875,
  "balanced_accuracy": 0.9685795685795686,
  "log_loss": 0.07032186158470881,
  "roc_auc": 0.9968253968253968,
  "loss": 0.06988525390625,
  "mb_sparsity": 0.1666666716337204,
  "mb_mean_score": 0.1666666716337204
}