{
  "accuracy": 0.9532877604166666,
  "balanced_accuracy": 0.9532564164308807,
  "log_loss": 0.11483939350777383,
  "loss": 0.1144073486328125,
  "mb_mean_score": 0.25,
  "mb_sparsity": 0.25,
  "roc_auc": 0.9907390128386279,
  "num_datasets": 30,
  "aggregation": "mean_over_datasets",
  "train_mode": "baseline",
  "mb_score_source": "shuffled",
  "mb_injection": "cls_soft_bias"
}