{
  "accuracy": 0.9490315755208333,
  "balanced_accuracy": 0.9490340956407924,
  "log_loss": 0.1192832538867598,
  "loss": 0.11887257893880208,
  "mb_mean_score": 0.25,
  "mb_sparsity": 0.25,
  "roc_auc": 0.9891599377013996,
  "num_datasets": 30,
  "aggregation": "mean_over_datasets",
  "train_mode": "baseline",
  "mb_score_source": "shuffled",
  "mb_injection": "cls_soft_bias"
}