{
  "accuracy": 0.9757649739583333,
  "balanced_accuracy": 0.975778068584321,
  "log_loss": 0.056973575325384794,
  "loss": 0.0562408447265625,
  "mb_mean_score": 0.25,
  "mb_sparsity": 0.25,
  "roc_auc": 0.9979882163724166,
  "num_datasets": 30,
  "aggregation": "mean_over_datasets",
  "train_mode": "baseline",
  "mb_score_source": "shuffled",
  "mb_injection": "cls_soft_bias"
}