{
  "step": 29,
  "train_mode": "baseline",
  "mb_score_source": "shuffled",
  "mb_injection": "cls_soft_bias",
  "accuracy": 0.9736328125,
  "balanced_accuracy": 0.9737199749568617,
  "log_loss": 0.06326892484878494,
  "roc_auc": 0.9976708163452288,
  "loss": 0.06256103515625,
  "mb_sparsity": 0.25,
  "mb_mean_score": 0.25
}