{
  "accuracy": 0.9325520833333333,
  "balanced_accuracy": 0.932767378295858,
  "log_loss": 0.15527851363013684,
  "loss": 0.154931640625,
  "mb_mean_score": 0.25,
  "mb_sparsity": 0.25,
  "roc_auc": 0.9847688183634757,
  "num_datasets": 30,
  "aggregation": "mean_over_datasets",
  "train_mode": "baseline",
  "mb_score_source": "shuffled",
  "mb_injection": "cls_soft_bias"
}