{
  "step": 29,
  "train_mode": "baseline",
  "mb_score_source": "shuffled",
  "mb_injection": "cls_soft_bias",
  "accuracy": 0.84765625,
  "balanced_accuracy": 0.8504404208465868,
  "log_loss": 0.3846573531152335,
  "roc_auc": 0.937025935894299,
  "loss": 0.38427734375,
  "mb_sparsity": 0.25,
  "mb_mean_score": 0.25
}