{
  "step": 29,
  "train_mode": "baseline",
  "mb_score_source": "corr",
  "mb_injection": "cls_soft_bias",
  "accuracy": 0.96875,
  "balanced_accuracy": 0.9685795685795686,
  "log_loss": 0.07248522646708382,
  "roc_auc": 0.9966083299416634,
  "loss": 0.0721435546875,
  "mb_sparsity": 0.1041666716337204,
  "mb_mean_score": 0.23116084933280945
}