{
  "accuracy": 0.9787923177083333,
  "balanced_accuracy": 0.9787917542898783,
  "log_loss": 0.04974677466932422,
  "loss": 0.04903691609700521,
  "mb_mean_score": 0.25,
  "mb_sparsity": 0.25,
  "roc_auc": 0.9983609734791972,
  "num_datasets": 30,
  "aggregation": "mean_over_datasets",
  "train_mode": "baseline",
  "mb_score_source": "oracle",
  "mb_injection": "cls_soft_bias"
}