{
  "step": 29,
  "train_mode": "baseline",
  "mb_score_source": "oracle",
  "mb_injection": "cls_soft_bias",
  "accuracy": 0.974609375,
  "balanced_accuracy": 0.9746274368153581,
  "log_loss": 0.05534555336737408,
  "roc_auc": 0.998205760021744,
  "loss": 0.054595947265625,
  "mb_sparsity": 0.25,
  "mb_mean_score": 0.25
}