{
  "X_shape": [
    8192,
    112
  ],
  "y_shape": [
    8192
  ],
  "mb_shape": [
    112
  ],
  "mb_positive": 28.0,
  "target_std": 0.500030517578125,
  "mb_abs_mean": 0.9636574387550354,
  "non_mb_abs_mean": 0.8469074964523315
}