{
  "step": 29,
  "train_mode": "baseline",
  "mb_score_source": "random",
  "mb_injection": "cls_soft_bias",
  "accuracy": 0.84375,
  "balanced_accuracy": 0.84375,
  "log_loss": 0.29963559781171717,
  "roc_auc": 0.942138671875,
  "loss": 0.299560546875,
  "mb_sparsity": 0.34375,
  "mb_mean_score": 0.4057244062423706
}