{
  "step": 29,
  "train_mode": "baseline",
  "mb_score_source": "random",
  "mb_injection": "cls_soft_bias",
  "accuracy": 0.9443359375,
  "balanced_accuracy": 0.9441811298865839,
  "log_loss": 0.12519654278370446,
  "roc_auc": 0.9908851185297125,
  "loss": 0.1260986328125,
  "mb_sparsity": 0.38750001788139343,
  "mb_mean_score": 0.4408135414123535
}