{
  "accuracy": 0.9725911458333333,
  "balanced_accuracy": 0.9726894043334112,
  "log_loss": 0.06538457380583652,
  "loss": 0.06469370524088541,
  "mb_mean_score": 0.25,
  "mb_sparsity": 0.25,
  "roc_auc": 0.9975238955992601,
  "num_datasets": 30,
  "aggregation": "mean_over_datasets",
  "train_mode": "baseline",
  "mb_score_source": "oracle",
  "mb_injection": "cls_soft_bias"
}