accuracy,aggregation,balanced_accuracy,case_dir,case_name,log_loss,loss,mb_injection,mb_mean_score,mb_score_source,mb_sparsity,num_datasets,roc_auc,train_mode
0.9263020833333333,mean_over_datasets,0.9264242788034883,results/step1/test1/mb_bias_init_2.0/scale_sweep/large/baseline,baseline,0.16616561727214282,0.16606241861979168,none,0.0,none,0.0,30,0.9840032896522841,baseline
0.9255208333333333,mean_over_datasets,0.9256607705307476,results/step1/test1/mb_bias_init_2.0/scale_sweep/large/shuffled,shuffled,0.16297102634505714,0.162823486328125,cls_soft_bias,0.15625,shuffled,0.15625,30,0.9842563541714603,baseline
0.9296875,mean_over_datasets,0.929703208232618,results/step1/test1/mb_bias_init_2.0/scale_sweep/large/mi,mi,0.1616892742476901,0.16151123046875,cls_soft_bias,0.1455512690047423,mi,0.11770833333333333,30,0.9848266732756848,baseline
0.9296875,mean_over_datasets,0.9295990163669535,results/step1/test1/mb_bias_init_2.0/scale_sweep/large/oracle,oracle,0.1567208838818249,0.15655415852864582,cls_soft_bias,0.15625,oracle,0.15625,30,0.9857201742582365,baseline
0.9283854166666666,mean_over_datasets,0.9284309727881794,results/step1/test1/mb_bias_init_2.0/scale_sweep/large/corr,corr,0.16100208804535798,0.16081746419270834,cls_soft_bias,0.24652931441863377,corr,0.14635416666666667,30,0.9849608688209514,baseline
0.9296875,mean_over_datasets,0.9296604434390334,results/step1/test1/mb_bias_init_2.0/scale_sweep/large/random,random,0.16240738020306725,0.16222025553385416,cls_soft_bias,0.435289204120636,random,0.375,30,0.9848592917547884,baseline
