{
  "step": 29,
  "train_mode": "baseline",
  "mb_score_source": "corr",
  "mb_injection": "cls_soft_bias",
  "accuracy": 0.953125,
  "balanced_accuracy": 0.9535723024223146,
  "log_loss": 0.10027471440570147,
  "roc_auc": 0.9941583068265232,
  "loss": 0.09979248046875,
  "mb_sparsity": 0.09375,
  "mb_mean_score": 0.2457917034626007
}