{
  "accuracy": 0.934375,
  "balanced_accuracy": 0.9350163366385674,
  "log_loss": 0.1666230760903641,
  "loss": 0.16617685953776043,
  "mb_mean_score": 0.16009765764077505,
  "mb_sparsity": 0.115625,
  "roc_auc": 0.9862268653785656,
  "num_datasets": 30,
  "aggregation": "mean_over_datasets",
  "train_mode": "baseline",
  "mb_score_source": "mi",
  "mb_injection": "cls_soft_bias"
}