{
  "step": 29,
  "train_mode": "baseline",
  "mb_score_source": "mi",
  "mb_injection": "cls_soft_bias",
  "accuracy": 0.8984375,
  "balanced_accuracy": 0.8984375,
  "log_loss": 0.25322428082982523,
  "roc_auc": 0.974365234375,
  "loss": 0.2529296875,
  "mb_sparsity": 0.03125,
  "mb_mean_score": 0.08991418778896332
}