{
  "step": 29,
  "train_mode": "baseline",
  "mb_score_source": "corr",
  "mb_injection": "cls_soft_bias",
  "accuracy": 0.9775390625,
  "balanced_accuracy": 0.9773587641770085,
  "log_loss": 0.05649838749848919,
  "roc_auc": 0.9980423135046024,
  "loss": 0.0557861328125,
  "mb_sparsity": 0.3375000059604645,
  "mb_mean_score": 0.35770273208618164
}