{
  "accuracy": 0.97470703125,
  "balanced_accuracy": 0.9746990795427057,
  "log_loss": 0.059253258105400615,
  "loss": 0.05858306884765625,
  "mb_mean_score": 0.17573267022768657,
  "mb_sparsity": 0.08125000428408384,
  "roc_auc": 0.9975540370660648,
  "num_datasets": 30,
  "aggregation": "mean_over_datasets",
  "train_mode": "baseline",
  "mb_score_source": "corr",
  "mb_injection": "cls_soft_bias"
}