{
  "accuracy": 0.9268229166666667,
  "balanced_accuracy": 0.9269495120854572,
  "log_loss": 0.16251453749654923,
  "loss": 0.16238199869791667,
  "mb_mean_score": 0.1455512690047423,
  "mb_sparsity": 0.11770833333333333,
  "roc_auc": 0.9845497466666612,
  "num_datasets": 30,
  "aggregation": "mean_over_datasets",
  "train_mode": "baseline",
  "mb_score_source": "mi",
  "mb_injection": "cls_soft_bias"
}