{
  "step": 29,
  "train_mode": "baseline",
  "mb_score_source": "mi",
  "mb_injection": "cls_soft_bias",
  "accuracy": 0.90625,
  "balanced_accuracy": 0.9054187192118226,
  "log_loss": 0.20574634151506005,
  "roc_auc": 0.975615763546798,
  "loss": 0.2056884765625,
  "mb_sparsity": 0.109375,
  "mb_mean_score": 0.11027412116527557
}