accuracy,balanced_accuracy,log_loss,loss,mb_injection,mb_mean_score,mb_score_source,mb_sparsity,roc_auc,step,train_mode
0.92578125,0.9255239578086123,0.16277721638160228,0.16259765625,cls_soft_bias,0.1514243483543396,mi,0.109375,0.9843766695669429,0,baseline
0.9140625,0.9140625,0.1717328015448263,0.171630859375,cls_soft_bias,0.14955702424049377,mi,0.125,0.9826202392578125,1,baseline
0.953125,0.9535409035409035,0.10674084107724101,0.10650634765625,cls_soft_bias,0.13981841504573822,mi,0.109375,0.9939636752136751,2,baseline
0.927734375,0.927867301471037,0.17012773079434032,0.1700439453125,cls_soft_bias,0.144453227519989,mi,0.109375,0.9831761582127815,3,baseline
0.9453125,0.9455476572651532,0.1467096849093662,0.1466064453125,cls_soft_bias,0.1395178586244583,mi,0.11328125,0.9882289994649546,4,baseline
