{
  "step": 4,
  "train_mode": "baseline",
  "mb_score_source": "corr",
  "mb_injection": "cls_soft_bias",
  "accuracy": 0.91796875,
  "balanced_accuracy": 0.9184981684981685,
  "log_loss": 0.18659062400907872,
  "roc_auc": 0.9836080586080586,
  "loss": 0.1866455078125,
  "mb_sparsity": 0.2109375,
  "mb_mean_score": 0.30446040630340576
}