{
  "step": 29,
  "train_mode": "baseline",
  "mb_score_source": "corr",
  "mb_injection": "cls_soft_bias",
  "accuracy": 0.8125,
  "balanced_accuracy": 0.8278278278278278,
  "log_loss": 0.359461193261689,
  "roc_auc": 0.9494494494494494,
  "loss": 0.359375,
  "mb_sparsity": 0.1875,
  "mb_mean_score": 0.31022876501083374
}