accuracy,balanced_accuracy,log_loss,loss,mb_injection,mb_mean_score,mb_score_source,mb_sparsity,roc_auc,step,train_mode
0.87890625,0.87890625,0.24713935097842973,0.2471923828125,cls_soft_bias,0.30337780714035034,corr,0.2265625,0.967376708984375,0,baseline
0.875,0.8751754867850821,0.24950261759100256,0.24951171875,cls_soft_bias,0.327389121055603,corr,0.234375,0.9636818653482269,1,baseline
0.89453125,0.8947947214076246,0.25993448898371385,0.260009765625,cls_soft_bias,0.31725120544433594,corr,0.234375,0.9636485826001956,2,baseline
0.91015625,0.909998168833547,0.2210043163555071,0.220947265625,cls_soft_bias,0.3119816780090332,corr,0.234375,0.9712506866874199,3,baseline
0.91796875,0.9184981684981685,0.18659062400907872,0.1866455078125,cls_soft_bias,0.30446040630340576,corr,0.2109375,0.9836080586080586,4,baseline
