{
  "accuracy": 0.8916666666666667,
  "balanced_accuracy": 0.89361005684392,
  "log_loss": 0.24618392304117034,
  "loss": 0.24619140625,
  "mb_mean_score": 0.1875,
  "mb_sparsity": 0.1875,
  "roc_auc": 0.9691156316203179,
  "num_datasets": 30,
  "aggregation": "mean_over_datasets",
  "train_mode": "baseline",
  "mb_score_source": "shuffled",
  "mb_injection": "cls_soft_bias"
}