{
  "step": 29,
  "train_mode": "baseline",
  "mb_score_source": "shuffled",
  "mb_injection": "cls_soft_bias",
  "accuracy": 0.8125,
  "balanced_accuracy": 0.8278278278278278,
  "log_loss": 0.3529887386411091,
  "roc_auc": 0.9509509509509508,
  "loss": 0.35302734375,
  "mb_sparsity": 0.1875,
  "mb_mean_score": 0.1875
}