{
  "step": 4,
  "train_mode": "baseline",
  "mb_score_source": "shuffled",
  "mb_injection": "cls_soft_bias",
  "accuracy": 0.91796875,
  "balanced_accuracy": 0.9184981684981685,
  "log_loss": 0.1945612763324416,
  "roc_auc": 0.983058608058608,
  "loss": 0.194580078125,
  "mb_sparsity": 0.1875,
  "mb_mean_score": 0.1875
}