accuracy,balanced_accuracy,log_loss,loss,mb_injection,mb_mean_score,mb_score_source,mb_sparsity,roc_auc,step,train_mode
0.87890625,0.87890625,0.25138525953359797,0.25146484375,cls_soft_bias,0.1875,shuffled,0.1875,0.96563720703125,0,baseline
0.88671875,0.8868033937618263,0.24020797326712112,0.240234375,cls_soft_bias,0.1875,shuffled,0.1875,0.9657571873283282,1,baseline
0.87890625,0.8793988269794721,0.25777369678945283,0.2578125,cls_soft_bias,0.1875,shuffled,0.1875,0.9619990224828934,2,baseline
0.91015625,0.909998168833547,0.22992968188065255,0.2298583984375,cls_soft_bias,0.1875,shuffled,0.1875,0.9689922480620156,3,baseline
0.91796875,0.9184981684981685,0.1945612763324416,0.194580078125,cls_soft_bias,0.1875,shuffled,0.1875,0.983058608058608,4,baseline
