{
  "step": 29,
  "train_mode": "baseline",
  "mb_score_source": "mi",
  "mb_injection": "cls_soft_bias",
  "accuracy": 0.8984375,
  "balanced_accuracy": 0.8984375,
  "log_loss": 0.18261261872157833,
  "roc_auc": 0.9794921875,
  "loss": 0.1824951171875,
  "mb_sparsity": 0.03125,
  "mb_mean_score": 0.08991418778896332
}