{
  "accuracy": 0.94921875,
  "balanced_accuracy": 0.9495050542813241,
  "log_loss": 0.1182301707999389,
  "loss": 0.11784006754557291,
  "mb_mean_score": 0.25,
  "mb_sparsity": 0.25,
  "roc_auc": 0.991972085141283,
  "num_datasets": 30,
  "aggregation": "mean_over_datasets",
  "train_mode": "baseline",
  "mb_score_source": "oracle",
  "mb_injection": "cls_soft_bias"
}