{
  "step": 29,
  "train_mode": "baseline",
  "mb_score_source": "oracle",
  "mb_injection": "cls_soft_bias",
  "accuracy": 0.9140625,
  "balanced_accuracy": 0.9140625,
  "log_loss": 0.17102977559089438,
  "roc_auc": 0.985107421875,
  "loss": 0.170654296875,
  "mb_sparsity": 0.25,
  "mb_mean_score": 0.25
}