{
  "accuracy": 0.97548828125,
  "balanced_accuracy": 0.9754577749308241,
  "log_loss": 0.058402045043925856,
  "loss": 0.057641855875651044,
  "mb_mean_score": 0.25,
  "mb_sparsity": 0.25,
  "roc_auc": 0.9975248020614159,
  "num_datasets": 30,
  "aggregation": "mean_over_datasets",
  "train_mode": "baseline",
  "mb_score_source": "oracle",
  "mb_injection": "cls_soft_bias"
}