{
  "step": 29,
  "train_mode": "baseline",
  "mb_score_source": "oracle",
  "mb_injection": "cls_soft_bias",
  "accuracy": 0.9833984375,
  "balanced_accuracy": 0.9833348597945384,
  "log_loss": 0.035951447217696345,
  "roc_auc": 0.9993512539878798,
  "loss": 0.035064697265625,
  "mb_sparsity": 0.25,
  "mb_mean_score": 0.25
}