{
  "X_shape": [
    2048,
    80
  ],
  "y_shape": [
    2048
  ],
  "mb_shape": [
    80
  ],
  "mb_positive": 20.0,
  "target_std": 0.5001221299171448,
  "mb_abs_mean": 1.2076064348220825,
  "non_mb_abs_mean": 0.8356389999389648
}