{
  "step": 29,
  "train_mode": "baseline",
  "mb_score_source": "corr",
  "mb_injection": "cls_soft_bias",
  "accuracy": 0.921875,
  "balanced_accuracy": 0.921875,
  "log_loss": 0.18299166673397443,
  "roc_auc": 0.9791259765625,
  "loss": 0.182861328125,
  "mb_sparsity": 0.09375,
  "mb_mean_score": 0.2662516236305237
}