{
  "accuracy": 0.9624348958333333,
  "balanced_accuracy": 0.9625866584681317,
  "log_loss": 0.08628594210166923,
  "loss": 0.08577779134114584,
  "mb_mean_score": 0.4387126564979553,
  "mb_sparsity": 0.375,
  "roc_auc": 0.9957340376771507,
  "num_datasets": 30,
  "aggregation": "mean_over_datasets",
  "train_mode": "baseline",
  "mb_score_source": "random",
  "mb_injection": "cls_soft_bias"
}