{
  "step": 29,
  "train_mode": "baseline",
  "mb_score_source": "random",
  "mb_injection": "cls_soft_bias",
  "accuracy": 0.962890625,
  "balanced_accuracy": 0.9632820136852396,
  "log_loss": 0.07731992009173783,
  "roc_auc": 0.9964717741935484,
  "loss": 0.07684326171875,
  "mb_sparsity": 0.375,
  "mb_mean_score": 0.4387126564979553
}