{
  "step": 29,
  "train_mode": "baseline",
  "mb_score_source": "oracle",
  "mb_injection": "cls_soft_bias",
  "accuracy": 0.97900390625,
  "balanced_accuracy": 0.979108449005146,
  "log_loss": 0.060495096493941664,
  "roc_auc": 0.9978564447905691,
  "loss": 0.059783935546875,
  "mb_sparsity": 0.25,
  "mb_mean_score": 0.25
}