{
  "step": 29,
  "train_mode": "baseline",
  "mb_score_source": "corr",
  "mb_injection": "cls_soft_bias",
  "accuracy": 0.974853515625,
  "balanced_accuracy": 0.9748707458177912,
  "log_loss": 0.06016244314657607,
  "roc_auc": 0.9979322907167065,
  "loss": 0.0594482421875,
  "mb_sparsity": 0.0535714328289032,
  "mb_mean_score": 0.15589284896850586
}