{
  "accuracy": 0.93828125,
  "balanced_accuracy": 0.9385817378418712,
  "log_loss": 0.14581275027458349,
  "loss": 0.14563191731770833,
  "mb_mean_score": 0.29601165652275085,
  "mb_sparsity": 0.209375,
  "roc_auc": 0.987220310300938,
  "num_datasets": 30,
  "aggregation": "mean_over_datasets",
  "train_mode": "baseline",
  "mb_score_source": "corr",
  "mb_injection": "cls_soft_bias"
}