{
  "step": 29,
  "train_mode": "baseline",
  "mb_score_source": "mi",
  "mb_injection": "cls_soft_bias",
  "accuracy": 0.9140625,
  "balanced_accuracy": 0.9138732566674823,
  "log_loss": 0.2686303449676207,
  "roc_auc": 0.9642463909958405,
  "loss": 0.2724609375,
  "mb_sparsity": 0.0416666679084301,
  "mb_mean_score": 0.09146001189947128
}