{
  "accuracy": 0.964453125,
  "balanced_accuracy": 0.9646183926394624,
  "log_loss": 0.08417061150350279,
  "loss": 0.08364461263020834,
  "mb_mean_score": 0.25,
  "mb_sparsity": 0.25,
  "roc_auc": 0.9958200020575558,
  "num_datasets": 30,
  "aggregation": "mean_over_datasets",
  "train_mode": "baseline",
  "mb_score_source": "oracle",
  "mb_injection": "cls_soft_bias"
}