{
  "accuracy": 0.9751220703125,
  "balanced_accuracy": 0.9751245165996786,
  "log_loss": 0.05922855077442635,
  "loss": 0.05856882731119792,
  "mb_mean_score": 0.46127429604530334,
  "mb_sparsity": 0.4285714626312256,
  "roc_auc": 0.9975261920045645,
  "num_datasets": 30,
  "aggregation": "mean_over_datasets",
  "train_mode": "baseline",
  "mb_score_source": "random",
  "mb_injection": "cls_soft_bias"
}