{
  "step": 29,
  "train_mode": "baseline",
  "mb_score_source": "none",
  "mb_injection": "none",
  "accuracy": 0.8984375,
  "balanced_accuracy": 0.8967980295566502,
  "log_loss": 0.21128181978771898,
  "roc_auc": 0.9745073891625615,
  "loss": 0.211181640625,
  "mb_sparsity": 0.0,
  "mb_mean_score": 0.0
}