{
  "accuracy": 0.9804524739583333,
  "balanced_accuracy": 0.9804645367740924,
  "log_loss": 0.046489485327957915,
  "loss": 0.04576670328776042,
  "mb_mean_score": 0.25,
  "mb_sparsity": 0.25,
  "roc_auc": 0.9986896006453206,
  "num_datasets": 30,
  "aggregation": "mean_over_datasets",
  "train_mode": "baseline",
  "mb_score_source": "oracle",
  "mb_injection": "cls_soft_bias"
}