{
  "step": 29,
  "train_mode": "baseline",
  "mb_score_source": "oracle",
  "mb_injection": "cls_soft_bias",
  "accuracy": 0.97314453125,
  "balanced_accuracy": 0.9733515812298624,
  "log_loss": 0.05977946192993845,
  "roc_auc": 0.9979561783254691,
  "loss": 0.05902099609375,
  "mb_sparsity": 0.25,
  "mb_mean_score": 0.25
}