{
  "accuracy": 0.9375,
  "balanced_accuracy": 0.9375019802020658,
  "log_loss": 0.14652887865470726,
  "loss": 0.14660441080729167,
  "mb_mean_score": 0.25,
  "mb_sparsity": 0.25,
  "roc_auc": 0.9831798865690061,
  "num_datasets": 30,
  "aggregation": "mean_over_datasets",
  "train_mode": "baseline",
  "mb_score_source": "shuffled",
  "mb_injection": "cls_soft_bias"
}