{
  "step": 29,
  "train_mode": "baseline",
  "mb_score_source": "mi",
  "mb_injection": "cls_soft_bias",
  "accuracy": 0.921875,
  "balanced_accuracy": 0.921875,
  "log_loss": 0.18113983313685061,
  "roc_auc": 0.97998046875,
  "loss": 0.1810302734375,
  "mb_sparsity": 0.03125,
  "mb_mean_score": 0.08974999934434891
}