{
  "step": 29,
  "train_mode": "baseline",
  "mb_score_source": "none",
  "mb_injection": "none",
  "accuracy": 0.9661458333333334,
  "balanced_accuracy": 0.9659340659340658,
  "log_loss": 0.06885595928626359,
  "roc_auc": 0.9971238637905304,
  "loss": 0.06842041015625,
  "mb_sparsity": 0.0,
  "mb_mean_score": 0.0
}