{
  "step": 29,
  "train_mode": "baseline",
  "mb_score_source": "oracle",
  "mb_injection": "cls_soft_bias",
  "accuracy": 0.859375,
  "balanced_accuracy": 0.8733733733733733,
  "log_loss": 0.36241249177740315,
  "roc_auc": 0.9614614614614615,
  "loss": 0.3623046875,
  "mb_sparsity": 0.1875,
  "mb_mean_score": 0.1875
}