{
  "accuracy": 0.8677083333333333,
  "balanced_accuracy": 0.8711303552828321,
  "log_loss": 0.2972564748835393,
  "loss": 0.2972798665364583,
  "mb_mean_score": 0.21870233515898388,
  "mb_sparsity": 0.16875,
  "roc_auc": 0.9300880400550244,
  "num_datasets": 30,
  "aggregation": "mean_over_datasets",
  "train_mode": "baseline",
  "mb_score_source": "mi",
  "mb_injection": "cls_soft_bias"
}