{
  "step": 4,
  "train_mode": "baseline",
  "mb_score_source": "mi",
  "mb_injection": "cls_soft_bias",
  "accuracy": 0.9453125,
  "balanced_accuracy": 0.9453125,
  "log_loss": 0.20037319377630006,
  "roc_auc": 0.981201171875,
  "loss": 0.2003173828125,
  "mb_sparsity": 0.1875,
  "mb_mean_score": 0.24047350883483887
}