{
  "step": 29,
  "train_mode": "baseline",
  "mb_score_source": "mi",
  "mb_injection": "cls_soft_bias",
  "accuracy": 0.71875,
  "balanced_accuracy": 0.7182539682539683,
  "log_loss": 0.543854627805848,
  "roc_auc": 0.873015873015873,
  "loss": 0.5439453125,
  "mb_sparsity": 0.125,
  "mb_mean_score": 0.1666247546672821
}