accuracy,balanced_accuracy,log_loss,loss,mb_injection,mb_mean_score,mb_score_source,mb_sparsity,roc_auc,step,train_mode
0.9453125,0.9462931245412283,0.20098227163357585,0.2010498046875,cls_soft_bias,0.19471940398216248,mi,0.171875,0.984707609493516,0,baseline
0.90625,0.9071358748778103,0.27822363727974697,0.2783203125,cls_soft_bias,0.22338876128196716,mi,0.1875,0.9602883675464321,1,baseline
0.8046875,0.8111949685534592,0.34443376949519794,0.344482421875,cls_soft_bias,0.21477952599525452,mi,0.1875,0.9238993710691825,2,baseline
0.890625,0.8929618768328447,0.25028912318873187,0.250244140625,cls_soft_bias,0.22520919144153595,mi,0.171875,0.98069403714565,3,baseline
0.9453125,0.9453125,0.20037319377630006,0.2003173828125,cls_soft_bias,0.24047350883483887,mi,0.1875,0.981201171875,4,baseline
