{
  "accuracy": 0.9763997395833334,
  "balanced_accuracy": 0.9764121578217899,
  "log_loss": 0.05581327411596779,
  "loss": 0.05507456461588542,
  "mb_mean_score": 0.45743316411972046,
  "mb_sparsity": 0.4166666865348816,
  "roc_auc": 0.9980768438476252,
  "num_datasets": 30,
  "aggregation": "mean_over_datasets",
  "train_mode": "baseline",
  "mb_score_source": "random",
  "mb_injection": "cls_soft_bias"
}