{
  "step": 29,
  "train_mode": "baseline",
  "mb_score_source": "random",
  "mb_injection": "cls_soft_bias",
  "accuracy": 0.9755859375,
  "balanced_accuracy": 0.975674561363324,
  "log_loss": 0.0652365784983425,
  "roc_auc": 0.9975553354100813,
  "loss": 0.0645751953125,
  "mb_sparsity": 0.4166666865348816,
  "mb_mean_score": 0.45743316411972046
}