{
  "step": 29,
  "train_mode": "baseline",
  "mb_score_source": "corr",
  "mb_injection": "cls_soft_bias",
  "accuracy": 0.94140625,
  "balanced_accuracy": 0.9427303336394246,
  "log_loss": 0.13240043699838733,
  "roc_auc": 0.9909703091521274,
  "loss": 0.1322021484375,
  "mb_sparsity": 0.0625,
  "mb_mean_score": 0.18984484672546387
}