{
  "accuracy": 0.9619791666666667,
  "balanced_accuracy": 0.9621315272466281,
  "log_loss": 0.09106481488415887,
  "loss": 0.0905975341796875,
  "mb_mean_score": 0.0,
  "mb_sparsity": 0.0,
  "roc_auc": 0.9952558376739529,
  "num_datasets": 30,
  "aggregation": "mean_over_datasets",
  "train_mode": "baseline",
  "mb_score_source": "none",
  "mb_injection": "none"
}