{
  "step": 29,
  "train_mode": "baseline",
  "mb_score_source": "none",
  "mb_injection": "none",
  "accuracy": 0.9609375,
  "balanced_accuracy": 0.9611436950146628,
  "log_loss": 0.08181741903923576,
  "roc_auc": 0.9960899315738025,
  "loss": 0.0814208984375,
  "mb_sparsity": 0.0,
  "mb_mean_score": 0.0
}