{
  "accuracy": 0.94375,
  "balanced_accuracy": 0.9437070199373471,
  "log_loss": 0.14454776466349228,
  "loss": 0.1450531005859375,
  "mb_mean_score": 0.1228657066822052,
  "mb_sparsity": 0.08958333569268385,
  "roc_auc": 0.9880581834156235,
  "num_datasets": 30,
  "aggregation": "mean_over_datasets",
  "train_mode": "baseline",
  "mb_score_source": "mi",
  "mb_injection": "cls_soft_bias"
}