{
  "accuracy": 0.9408203125,
  "balanced_accuracy": 0.9408110051111627,
  "log_loss": 0.1369681899377704,
  "loss": 0.136865234375,
  "mb_mean_score": 0.25,
  "mb_sparsity": 0.25,
  "roc_auc": 0.9839367986821739,
  "num_datasets": 30,
  "aggregation": "mean_over_datasets",
  "train_mode": "baseline",
  "mb_score_source": "shuffled",
  "mb_injection": "cls_soft_bias"
}