{
  "step": 29,
  "train_mode": "baseline",
  "mb_score_source": "shuffled",
  "mb_injection": "cls_soft_bias",
  "accuracy": 0.95947265625,
  "balanced_accuracy": 0.9594556934964191,
  "log_loss": 0.099724920677208,
  "roc_auc": 0.9945723960480706,
  "loss": 0.099609375,
  "mb_sparsity": 0.25,
  "mb_mean_score": 0.25
}