{
  "accuracy": 0.97001953125,
  "balanced_accuracy": 0.9699946625197651,
  "log_loss": 0.07108481972983442,
  "loss": 0.07042795817057292,
  "mb_mean_score": 0.25,
  "mb_sparsity": 0.25,
  "roc_auc": 0.9966808560357869,
  "num_datasets": 30,
  "aggregation": "mean_over_datasets",
  "train_mode": "baseline",
  "mb_score_source": "shuffled",
  "mb_injection": "cls_soft_bias"
}