{
  "step": 29,
  "train_mode": "baseline",
  "mb_score_source": "shuffled",
  "mb_injection": "cls_soft_bias",
  "accuracy": 0.9765625,
  "balanced_accuracy": 0.9763627482407535,
  "log_loss": 0.05793577511765703,
  "roc_auc": 0.9979984277449588,
  "loss": 0.0572509765625,
  "mb_sparsity": 0.25,
  "mb_mean_score": 0.25
}