{
  "accuracy": 0.9597981770833334,
  "balanced_accuracy": 0.959787066664229,
  "log_loss": 0.09426652191356695,
  "loss": 0.09385630289713541,
  "mb_mean_score": 0.25,
  "mb_sparsity": 0.25,
  "roc_auc": 0.9937534179956364,
  "num_datasets": 30,
  "aggregation": "mean_over_datasets",
  "train_mode": "baseline",
  "mb_score_source": "shuffled",
  "mb_injection": "cls_soft_bias"
}