{
  "step": 29,
  "train_mode": "baseline",
  "mb_score_source": "shuffled",
  "mb_injection": "cls_soft_bias",
  "accuracy": 0.95263671875,
  "balanced_accuracy": 0.9526578617656771,
  "log_loss": 0.10562896186567922,
  "roc_auc": 0.9932830741097048,
  "loss": 0.1051025390625,
  "mb_sparsity": 0.25,
  "mb_mean_score": 0.25
}