{
  "accuracy": 0.9678385416666667,
  "balanced_accuracy": 0.9677935006701202,
  "log_loss": 0.07468072447254097,
  "loss": 0.0740081787109375,
  "mb_mean_score": 0.4408135414123535,
  "mb_sparsity": 0.38750001788139343,
  "roc_auc": 0.996279158377517,
  "num_datasets": 30,
  "aggregation": "mean_over_datasets",
  "train_mode": "baseline",
  "mb_score_source": "random",
  "mb_injection": "cls_soft_bias"
}