{
  "step": 29,
  "train_mode": "baseline",
  "mb_score_source": "random",
  "mb_injection": "cls_soft_bias",
  "accuracy": 0.9736328125,
  "balanced_accuracy": 0.9735655080826121,
  "log_loss": 0.06415520906149519,
  "roc_auc": 0.9975996397551556,
  "loss": 0.06341552734375,
  "mb_sparsity": 0.38750001788139343,
  "mb_mean_score": 0.4408135414123535
}