{
  "step": 29,
  "train_mode": "baseline",
  "mb_score_source": "shuffled",
  "mb_injection": "cls_soft_bias",
  "accuracy": 0.9401041666666666,
  "balanced_accuracy": 0.94004884004884,
  "log_loss": 0.10666666829530763,
  "roc_auc": 0.9931488264821597,
  "loss": 0.106201171875,
  "mb_sparsity": 0.1666666716337204,
  "mb_mean_score": 0.1666666716337204
}