{
  "accuracy": 0.93359375,
  "balanced_accuracy": 0.9337886180613164,
  "log_loss": 0.15950920521797754,
  "loss": 0.15920003255208334,
  "mb_mean_score": 0.4057244062423706,
  "mb_sparsity": 0.34375,
  "roc_auc": 0.9840871183395571,
  "num_datasets": 30,
  "aggregation": "mean_over_datasets",
  "train_mode": "baseline",
  "mb_score_source": "random",
  "mb_injection": "cls_soft_bias"
}