{
  "step": 29,
  "train_mode": "baseline",
  "mb_score_source": "random",
  "mb_injection": "cls_soft_bias",
  "accuracy": 0.90625,
  "balanced_accuracy": 0.90625,
  "log_loss": 0.2071651852417321,
  "roc_auc": 0.975830078125,
  "loss": 0.2069091796875,
  "mb_sparsity": 0.34375,
  "mb_mean_score": 0.4057244062423706
}