{
  "step": 29,
  "train_mode": "baseline",
  "mb_score_source": "oracle",
  "mb_injection": "cls_soft_bias",
  "accuracy": 0.9833984375,
  "balanced_accuracy": 0.9835256674451619,
  "log_loss": 0.03276907387297172,
  "roc_auc": 0.9994142205125858,
  "loss": 0.03192138671875,
  "mb_sparsity": 0.25,
  "mb_mean_score": 0.25
}