{
  "step": 29,
  "train_mode": "baseline",
  "mb_score_source": "mi",
  "mb_injection": "cls_soft_bias",
  "accuracy": 0.96875,
  "balanced_accuracy": 0.9684981684981685,
  "log_loss": 0.07408361251763951,
  "roc_auc": 0.9962013295346629,
  "loss": 0.073486328125,
  "mb_sparsity": 0.09375,
  "mb_mean_score": 0.1213347315788269
}