{
  "accuracy": 0.9369791666666667,
  "balanced_accuracy": 0.9372334992766373,
  "log_loss": 0.14888662262934033,
  "loss": 0.14867045084635416,
  "mb_mean_score": 0.25,
  "mb_sparsity": 0.25,
  "roc_auc": 0.9871068048777837,
  "num_datasets": 30,
  "aggregation": "mean_over_datasets",
  "train_mode": "baseline",
  "mb_score_source": "shuffled",
  "mb_injection": "cls_soft_bias"
}