{
  "step": 4,
  "train_mode": "baseline",
  "mb_score_source": "none",
  "mb_injection": "none",
  "accuracy": 0.939453125,
  "balanced_accuracy": 0.9397615225865628,
  "log_loss": 0.15884531908134117,
  "roc_auc": 0.9866926545899258,
  "loss": 0.1588134765625,
  "mb_sparsity": 0.0,
  "mb_mean_score": 0.0
}