accuracy,balanced_accuracy,log_loss,loss,mb_injection,mb_mean_score,mb_score_source,mb_sparsity,roc_auc,step,train_mode
0.927734375,0.9274396666208728,0.1650980683957819,0.1650390625,none,0.0,none,0.0,0.9838805696753217,0,baseline
0.9140625,0.9140625,0.1768289669637676,0.1767578125,none,0.0,none,0.0,0.981353759765625,1,baseline
0.951171875,0.9514957264957264,0.1100303273860174,0.10980224609375,none,0.0,none,0.0,0.993276862026862,2,baseline
0.923828125,0.9239608130379051,0.17034866245636573,0.1702880859375,none,0.0,none,0.0,0.9832066776536654,3,baseline
0.939453125,0.9397615225865628,0.15884531908134117,0.1588134765625,none,0.0,none,0.0,0.9866926545899258,4,baseline
