{
  "step": 4,
  "train_mode": "baseline",
  "mb_score_source": "mi",
  "mb_injection": "cls_soft_bias",
  "accuracy": 0.939453125,
  "balanced_accuracy": 0.9397615225865628,
  "log_loss": 0.15884636245509842,
  "roc_auc": 0.9867538026446534,
  "loss": 0.1588134765625,
  "mb_sparsity": 0.11328125,
  "mb_mean_score": 0.1395178586244583
}