{
  "X_shape": [
    256,
    64
  ],
  "y_shape": [
    256
  ],
  "mb_shape": [
    64
  ],
  "mb_positive": 10.0,
  "target_std": 0.5009794235229492,
  "mb_abs_mean": 0.8849272727966309,
  "non_mb_abs_mean": 0.7883185148239136
}