{
  "accuracy": 0.9669270833333333,
  "balanced_accuracy": 0.9670820805912517,
  "log_loss": 0.07902017845145035,
  "loss": 0.07841796875,
  "mb_mean_score": 0.25,
  "mb_sparsity": 0.25,
  "roc_auc": 0.9963423135170668,
  "num_datasets": 30,
  "aggregation": "mean_over_datasets",
  "train_mode": "baseline",
  "mb_score_source": "oracle",
  "mb_injection": "cls_soft_bias"
}