{
  "step": 29,
  "train_mode": "baseline",
  "mb_score_source": "oracle",
  "mb_injection": "cls_soft_bias",
  "accuracy": 0.97265625,
  "balanced_accuracy": 0.9731465622706141,
  "log_loss": 0.06330494224682899,
  "roc_auc": 0.9980349278199169,
  "loss": 0.062744140625,
  "mb_sparsity": 0.25,
  "mb_mean_score": 0.25
}