{
  "step": 29,
  "train_mode": "baseline",
  "mb_score_source": "mi",
  "mb_injection": "cls_soft_bias",
  "accuracy": 0.94140625,
  "balanced_accuracy": 0.9418277465133349,
  "log_loss": 0.15377652036967573,
  "roc_auc": 0.9871543919745535,
  "loss": 0.1533203125,
  "mb_sparsity": 0.0416666679084301,
  "mb_mean_score": 0.09146001189947128
}