{
  "accuracy": 0.9616536458333333,
  "balanced_accuracy": 0.9618232939299141,
  "log_loss": 0.08792624495812135,
  "loss": 0.08736673990885417,
  "mb_mean_score": 0.23588260809580486,
  "mb_sparsity": 0.14027778251717488,
  "roc_auc": 0.995711330708349,
  "num_datasets": 30,
  "aggregation": "mean_over_datasets",
  "train_mode": "baseline",
  "mb_score_source": "corr",
  "mb_injection": "cls_soft_bias"
}