{
  "step": 29,
  "train_mode": "baseline",
  "mb_score_source": "corr",
  "mb_injection": "cls_soft_bias",
  "accuracy": 0.9609375,
  "balanced_accuracy": 0.9607771260997068,
  "log_loss": 0.07673561713114072,
  "roc_auc": 0.996418316226784,
  "loss": 0.07623291015625,
  "mb_sparsity": 0.0416666679084301,
  "mb_mean_score": 0.19857530295848846
}