{
  "accuracy": 0.9342447916666666,
  "balanced_accuracy": 0.9344897344660481,
  "log_loss": 0.15334529399166005,
  "loss": 0.15302734375,
  "mb_mean_score": 0.11021797098219395,
  "mb_sparsity": 0.078125,
  "roc_auc": 0.9858411006912966,
  "num_datasets": 30,
  "aggregation": "mean_over_datasets",
  "train_mode": "baseline",
  "mb_score_source": "mi",
  "mb_injection": "cls_soft_bias"
}