{
  "step": 29,
  "train_mode": "baseline",
  "mb_score_source": "mi",
  "mb_injection": "cls_soft_bias",
  "accuracy": 0.94140625,
  "balanced_accuracy": 0.9427303336394246,
  "log_loss": 0.14042514697334807,
  "roc_auc": 0.9895928986838077,
  "loss": 0.1402587890625,
  "mb_sparsity": 0.03125,
  "mb_mean_score": 0.07971439510583878
}