{
  "step": 29,
  "train_mode": "baseline",
  "mb_score_source": "shuffled",
  "mb_injection": "cls_soft_bias",
  "accuracy": 0.92578125,
  "balanced_accuracy": 0.9272693907511622,
  "log_loss": 0.1654515533341279,
  "roc_auc": 0.9850746268656716,
  "loss": 0.1651611328125,
  "mb_sparsity": 0.25,
  "mb_mean_score": 0.25
}