{
  "accuracy": 0.9238715277777775,
  "balanced_accuracy": 0.9238428342880549,
  "log_loss": 0.1822692152300666,
  "loss": 0.1822021484375,
  "mb_mean_score": 0.45743316411972046,
  "mb_sparsity": 0.4166666865348816,
  "roc_auc": 0.9799958199483044,
  "num_datasets": 30,
  "aggregation": "mean_over_datasets",
  "train_mode": "baseline",
  "mb_score_source": "random",
  "mb_injection": "cls_soft_bias"
}