{
  "step": 29,
  "train_mode": "baseline",
  "mb_score_source": "random",
  "mb_injection": "cls_soft_bias",
  "accuracy": 0.9609375,
  "balanced_accuracy": 0.960968660968661,
  "log_loss": 0.09092034609106923,
  "roc_auc": 0.9956315289648623,
  "loss": 0.09027099609375,
  "mb_sparsity": 0.4166666865348816,
  "mb_mean_score": 0.45743316411972046
}