{
  "X_shape": [
    768,
    96
  ],
  "y_shape": [
    768
  ],
  "mb_shape": [
    96
  ],
  "mb_positive": 16.0,
  "target_std": 0.5003258585929871,
  "mb_abs_mean": 1.1537654399871826,
  "non_mb_abs_mean": 0.8273640275001526
}