{
  "accuracy": 0.955859375,
  "balanced_accuracy": 0.9560484047887301,
  "log_loss": 0.09886985633645115,
  "loss": 0.09832865397135417,
  "mb_mean_score": 0.1875,
  "mb_sparsity": 0.1875,
  "roc_auc": 0.9944953370215917,
  "num_datasets": 30,
  "aggregation": "mean_over_datasets",
  "train_mode": "baseline",
  "mb_score_source": "oracle",
  "mb_injection": "cls_soft_bias"
}