{
  "step": 29,
  "train_mode": "baseline",
  "mb_score_source": "oracle",
  "mb_injection": "cls_soft_bias",
  "accuracy": 0.9453125,
  "balanced_accuracy": 0.9464340373431283,
  "log_loss": 0.08774118374941217,
  "roc_auc": 0.9957759412304867,
  "loss": 0.0872802734375,
  "mb_sparsity": 0.1875,
  "mb_mean_score": 0.1875
}