{
  "accuracy": 0.9123697916666667,
  "balanced_accuracy": 0.9124264191912387,
  "log_loss": 0.1972081799441191,
  "loss": 0.19691975911458334,
  "mb_mean_score": 0.25,
  "mb_sparsity": 0.25,
  "roc_auc": 0.9730086479606073,
  "num_datasets": 30,
  "aggregation": "mean_over_datasets",
  "train_mode": "baseline",
  "mb_score_source": "shuffled",
  "mb_injection": "cls_soft_bias"
}