{
  "step": 29,
  "train_mode": "baseline",
  "mb_score_source": "shuffled",
  "mb_injection": "cls_soft_bias",
  "accuracy": 0.890625,
  "balanced_accuracy": 0.892219231710301,
  "log_loss": 0.2421929010407124,
  "roc_auc": 0.9677942255933447,
  "loss": 0.2418212890625,
  "mb_sparsity": 0.25,
  "mb_mean_score": 0.25
}