{
  "accuracy": 0.964990234375,
  "balanced_accuracy": 0.9650078774903628,
  "log_loss": 0.08370082997406648,
  "loss": 0.08335774739583333,
  "mb_mean_score": 0.19355460455020268,
  "mb_sparsity": 0.09756944741432866,
  "roc_auc": 0.9950684339097458,
  "num_datasets": 30,
  "aggregation": "mean_over_datasets",
  "train_mode": "baseline",
  "mb_score_source": "corr",
  "mb_injection": "cls_soft_bias"
}