{
  "step": 29,
  "train_mode": "baseline",
  "mb_score_source": "mi",
  "mb_injection": "cls_soft_bias",
  "accuracy": 0.97021484375,
  "balanced_accuracy": 0.9702378610742551,
  "log_loss": 0.05999994424864372,
  "roc_auc": 0.9979380128294537,
  "loss": 0.059234619140625,
  "mb_sparsity": 0.0535714328289032,
  "mb_mean_score": 0.06152307242155075
}