{
  "step": 29,
  "train_mode": "baseline",
  "mb_score_source": "shuffled",
  "mb_injection": "cls_soft_bias",
  "accuracy": 0.8984375,
  "balanced_accuracy": 0.8984375,
  "log_loss": 0.18893066873618614,
  "roc_auc": 0.9796142578125,
  "loss": 0.188720703125,
  "mb_sparsity": 0.25,
  "mb_mean_score": 0.25
}