{
  "step": 29,
  "train_mode": "baseline",
  "mb_score_source": "random",
  "mb_injection": "cls_soft_bias",
  "accuracy": 0.84375,
  "balanced_accuracy": 0.8423048690971373,
  "log_loss": 0.44069938530768166,
  "roc_auc": 0.9041778810863713,
  "loss": 0.44580078125,
  "mb_sparsity": 0.375,
  "mb_mean_score": 0.4387126564979553
}