accuracy,balanced_accuracy,log_loss,loss,mb_injection,mb_mean_score,mb_score_source,mb_sparsity,roc_auc,step,train_mode
0.953125,0.9537558111083925,0.19902635255737194,0.198974609375,cls_soft_bias,0.30441975593566895,corr,0.203125,0.983851235625153,0,baseline
0.9140625,0.9147116324535679,0.27360993105040654,0.273681640625,cls_soft_bias,0.37894105911254883,corr,0.28125,0.959921798631476,1,baseline
0.8046875,0.8111949685534592,0.34184844805865505,0.341796875,cls_soft_bias,0.3931027054786682,corr,0.296875,0.9220125786163522,2,baseline
0.890625,0.8929618768328447,0.24581021388807522,0.245849609375,cls_soft_bias,0.36210888624191284,corr,0.296875,0.979594330400782,3,baseline
0.9453125,0.9453125,0.19798304464449262,0.197998046875,cls_soft_bias,0.348420649766922,corr,0.296875,0.981201171875,4,baseline
