{
  "step": 29,
  "train_mode": "baseline",
  "mb_score_source": "mi",
  "mb_injection": "cls_soft_bias",
  "accuracy": 0.970703125,
  "balanced_accuracy": 0.9707613724861424,
  "log_loss": 0.06788643310020792,
  "roc_auc": 0.9972747453693098,
  "loss": 0.06781005859375,
  "mb_sparsity": 0.0416666679084301,
  "mb_mean_score": 0.09780749678611755
}