{
  "accuracy": 0.9515625,
  "balanced_accuracy": 0.9516728938887777,
  "log_loss": 0.11248542143579957,
  "loss": 0.112078857421875,
  "mb_mean_score": 0.45743316411972046,
  "mb_sparsity": 0.4166666865348816,
  "roc_auc": 0.9923554485702392,
  "num_datasets": 30,
  "aggregation": "mean_over_datasets",
  "train_mode": "baseline",
  "mb_score_source": "random",
  "mb_injection": "cls_soft_bias"
}