accuracy,balanced_accuracy,log_loss,loss,mb_injection,mb_mean_score,mb_score_source,mb_sparsity,roc_auc,step,train_mode
0.9453125,0.9462931245412283,0.20544024420116658,0.2054443359375,cls_soft_bias,0.25,shuffled,0.25,0.9828725226327379,0,baseline
0.8984375,0.8990713587487781,0.2837961416425703,0.28369140625,cls_soft_bias,0.25,shuffled,0.25,0.9586999022482894,1,baseline
0.8125,0.8178616352201258,0.3488297132785799,0.348876953125,cls_soft_bias,0.25,shuffled,0.25,0.9247798742138365,2,baseline
0.890625,0.8929618768328447,0.2518810555720647,0.251953125,cls_soft_bias,0.25,shuffled,0.25,0.9802052785923754,3,baseline
0.9453125,0.9453125,0.20482599605632873,0.204833984375,cls_soft_bias,0.25,shuffled,0.25,0.98046875,4,baseline
