{
  "step": 29,
  "train_mode": "baseline",
  "mb_score_source": "corr",
  "mb_injection": "cls_soft_bias",
  "accuracy": 0.9140625,
  "balanced_accuracy": 0.9140625,
  "log_loss": 0.19908762446591866,
  "roc_auc": 0.9765625,
  "loss": 0.1988525390625,
  "mb_sparsity": 0.09375,
  "mb_mean_score": 0.2662516236305237
}