{
  "step": 29,
  "train_mode": "baseline",
  "mb_score_source": "oracle",
  "mb_injection": "cls_soft_bias",
  "accuracy": 0.953125,
  "balanced_accuracy": 0.9542699724517907,
  "log_loss": 0.1123876147731497,
  "roc_auc": 0.9940006121824303,
  "loss": 0.112060546875,
  "mb_sparsity": 0.1875,
  "mb_mean_score": 0.1875
}