{
  "accuracy": 0.9816813151041667,
  "balanced_accuracy": 0.9816780785960856,
  "log_loss": 0.04567970094939359,
  "loss": 0.045060348510742185,
  "mb_mean_score": 0.25,
  "mb_sparsity": 0.25,
  "roc_auc": 0.9986554756160562,
  "num_datasets": 30,
  "aggregation": "mean_over_datasets",
  "train_mode": "baseline",
  "mb_score_source": "oracle",
  "mb_injection": "cls_soft_bias"
}