{
  "accuracy": 0.9373697916666667,
  "balanced_accuracy": 0.9377971037728686,
  "log_loss": 0.14536174360242807,
  "loss": 0.145068359375,
  "mb_mean_score": 0.22715164273977279,
  "mb_sparsity": 0.12135416666666667,
  "roc_auc": 0.9871727040476245,
  "num_datasets": 30,
  "aggregation": "mean_over_datasets",
  "train_mode": "baseline",
  "mb_score_source": "corr",
  "mb_injection": "cls_soft_bias"
}