{
  "accuracy": 0.97568359375,
  "balanced_accuracy": 0.9756841948478471,
  "log_loss": 0.056152963309425305,
  "loss": 0.055448659261067706,
  "mb_mean_score": 0.0,
  "mb_sparsity": 0.0,
  "roc_auc": 0.9977756067812115,
  "num_datasets": 30,
  "aggregation": "mean_over_datasets",
  "train_mode": "baseline",
  "mb_score_source": "none",
  "mb_injection": "none"
}