{
  "step": 29,
  "train_mode": "baseline",
  "mb_score_source": "corr",
  "mb_injection": "cls_soft_bias",
  "accuracy": 0.97119140625,
  "balanced_accuracy": 0.9713435491013485,
  "log_loss": 0.06392547491396086,
  "roc_auc": 0.9976402759326279,
  "loss": 0.06317138671875,
  "mb_sparsity": 0.2083333432674408,
  "mb_mean_score": 0.21389871835708618
}