{
  "step": 29,
  "train_mode": "baseline",
  "mb_score_source": "none",
  "mb_injection": "none",
  "accuracy": 0.8984375,
  "balanced_accuracy": 0.8984375,
  "log_loss": 0.18419206039746336,
  "roc_auc": 0.979736328125,
  "loss": 0.18408203125,
  "mb_sparsity": 0.0,
  "mb_mean_score": 0.0
}