{
  "accuracy": 0.9673177083333333,
  "balanced_accuracy": 0.9672990242055636,
  "log_loss": 0.0763029455981933,
  "loss": 0.07572224934895834,
  "mb_mean_score": 0.09970559092859427,
  "mb_sparsity": 0.08500000151495139,
  "roc_auc": 0.9960911188758936,
  "num_datasets": 30,
  "aggregation": "mean_over_datasets",
  "train_mode": "baseline",
  "mb_score_source": "mi",
  "mb_injection": "cls_soft_bias"
}