{
  "step": 29,
  "train_mode": "baseline",
  "mb_score_source": "mi",
  "mb_injection": "cls_soft_bias",
  "accuracy": 0.97265625,
  "balanced_accuracy": 0.9725313306162324,
  "log_loss": 0.06644426828766917,
  "roc_auc": 0.9973878432629635,
  "loss": 0.06573486328125,
  "mb_sparsity": 0.2874999940395355,
  "mb_mean_score": 0.2452700436115265
}