{
  "accuracy": 0.9750162760416666,
  "balanced_accuracy": 0.9750181606200231,
  "log_loss": 0.05710198274930735,
  "loss": 0.05642242431640625,
  "mb_mean_score": 0.25,
  "mb_sparsity": 0.25,
  "roc_auc": 0.9977152176650769,
  "num_datasets": 30,
  "aggregation": "mean_over_datasets",
  "train_mode": "baseline",
  "mb_score_source": "shuffled",
  "mb_injection": "cls_soft_bias"
}