{
  "step": 29,
  "train_mode": "baseline",
  "mb_score_source": "shuffled",
  "mb_injection": "cls_soft_bias",
  "accuracy": 0.97119140625,
  "balanced_accuracy": 0.9712127660335388,
  "log_loss": 0.06498871940559713,
  "roc_auc": 0.9975037283140868,
  "loss": 0.0643310546875,
  "mb_sparsity": 0.25,
  "mb_mean_score": 0.25
}