{
  "accuracy": 0.9699869791666667,
  "balanced_accuracy": 0.9699924740712228,
  "log_loss": 0.07165118232795951,
  "loss": 0.07104034423828125,
  "mb_mean_score": 0.19355460455020268,
  "mb_sparsity": 0.09756944741432866,
  "roc_auc": 0.9965844861014145,
  "num_datasets": 30,
  "aggregation": "mean_over_datasets",
  "train_mode": "baseline",
  "mb_score_source": "corr",
  "mb_injection": "cls_soft_bias"
}