{
  "step": 29,
  "train_mode": "baseline",
  "mb_score_source": "corr",
  "mb_injection": "cls_soft_bias",
  "accuracy": 0.9736328125,
  "balanced_accuracy": 0.9736932520958359,
  "log_loss": 0.05964175686195651,
  "roc_auc": 0.9979547467436286,
  "loss": 0.05908203125,
  "mb_sparsity": 0.2083333432674408,
  "mb_mean_score": 0.21389871835708618
}