{
  "step": 29,
  "train_mode": "baseline",
  "mb_score_source": "random",
  "mb_injection": "cls_soft_bias",
  "accuracy": 0.88671875,
  "balanced_accuracy": 0.8899559579153413,
  "log_loss": 0.2445117009786928,
  "roc_auc": 0.9753486665035479,
  "loss": 0.2442626953125,
  "mb_sparsity": 0.375,
  "mb_mean_score": 0.4387126564979553
}