{
  "step": 29,
  "train_mode": "baseline",
  "mb_score_source": "mi",
  "mb_injection": "cls_soft_bias",
  "accuracy": 0.9619140625,
  "balanced_accuracy": 0.962446745155527,
  "log_loss": 0.08060374560574411,
  "roc_auc": 0.9967040214088293,
  "loss": 0.07989501953125,
  "mb_sparsity": 0.0416666679084301,
  "mb_mean_score": 0.09780304878950119
}