{
  "accuracy": 0.9559895833333333,
  "balanced_accuracy": 0.9561335068678062,
  "log_loss": 0.10179904544366133,
  "loss": 0.10130106608072917,
  "mb_mean_score": 0.435289204120636,
  "mb_sparsity": 0.375,
  "roc_auc": 0.9936278600342321,
  "num_datasets": 30,
  "aggregation": "mean_over_datasets",
  "train_mode": "baseline",
  "mb_score_source": "random",
  "mb_injection": "cls_soft_bias"
}