{
  "step": 29,
  "train_mode": "baseline",
  "mb_score_source": "random",
  "mb_injection": "cls_soft_bias",
  "accuracy": 0.958984375,
  "balanced_accuracy": 0.9593528260337656,
  "log_loss": 0.09570612376646967,
  "roc_auc": 0.9950987888426719,
  "loss": 0.09515380859375,
  "mb_sparsity": 0.375,
  "mb_mean_score": 0.435289204120636
}