accuracy,balanced_accuracy,log_loss,loss,mb_injection,mb_mean_score,mb_score_source,mb_sparsity,roc_auc,step,train_mode
0.953125,0.9537558111083925,0.21698201127506805,0.217041015625,none,0.0,none,0.0,0.9823831661365305,0,baseline
0.890625,0.8914956011730205,0.2945353824054785,0.29443359375,none,0.0,none,0.0,0.9574780058651026,1,baseline
0.8125,0.8178616352201258,0.35467989593460336,0.354736328125,none,0.0,none,0.0,0.9259119496855346,2,baseline
0.8828125,0.885386119257087,0.27252257664902513,0.2724609375,none,0.0,none,0.0,0.9772727272727273,3,baseline
0.921875,0.921875,0.2190688399119572,0.2191162109375,none,0.0,none,0.0,0.97802734375,4,baseline
