{
  "accuracy": 0.9163411458333334,
  "balanced_accuracy": 0.9163070347677613,
  "log_loss": 0.191020988927222,
  "loss": 0.19094645182291667,
  "mb_mean_score": 0.4408135414123535,
  "mb_sparsity": 0.38750001788139343,
  "roc_auc": 0.9709870517924605,
  "num_datasets": 30,
  "aggregation": "mean_over_datasets",
  "train_mode": "baseline",
  "mb_score_source": "random",
  "mb_injection": "cls_soft_bias"
}