{
  "step": 29,
  "train_mode": "baseline",
  "mb_score_source": "shuffled",
  "mb_injection": "cls_soft_bias",
  "accuracy": 0.94921875,
  "balanced_accuracy": 0.9509947964493419,
  "log_loss": 0.11543602951217731,
  "roc_auc": 0.993939393939394,
  "loss": 0.11517333984375,
  "mb_sparsity": 0.1875,
  "mb_mean_score": 0.1875
}