{
  "X_shape": [
    128,
    32
  ],
  "y_shape": [
    128
  ],
  "mb_shape": [
    32
  ],
  "mb_positive": 6.0,
  "target_std": 0.5019646286964417,
  "mb_abs_mean": 0.8099277019500732,
  "non_mb_abs_mean": 0.7598233819007874
}