{
  "accuracy": 0.9624837239583334,
  "balanced_accuracy": 0.9625044031327707,
  "log_loss": 0.0892887788433076,
  "loss": 0.08913930257161458,
  "mb_mean_score": 0.0867966012408336,
  "mb_sparsity": 0.07951389150694013,
  "roc_auc": 0.9944156986957363,
  "num_datasets": 30,
  "aggregation": "mean_over_datasets",
  "train_mode": "baseline",
  "mb_score_source": "mi",
  "mb_injection": "cls_soft_bias"
}