{
  "step": 29,
  "train_mode": "baseline",
  "mb_score_source": "mi",
  "mb_injection": "cls_soft_bias",
  "accuracy": 0.97998046875,
  "balanced_accuracy": 0.9801124650694031,
  "log_loss": 0.05363483049830313,
  "roc_auc": 0.9984381442118283,
  "loss": 0.052825927734375,
  "mb_sparsity": 0.0416666679084301,
  "mb_mean_score": 0.09781112521886826
}