{
  "accuracy": 0.9063368055555556,
  "balanced_accuracy": 0.906477665088105,
  "log_loss": 0.21020025167469397,
  "loss": 0.21003214518229166,
  "mb_mean_score": 0.1666666716337204,
  "mb_sparsity": 0.1666666716337204,
  "roc_auc": 0.969068222071043,
  "num_datasets": 30,
  "aggregation": "mean_over_datasets",
  "train_mode": "baseline",
  "mb_score_source": "shuffled",
  "mb_injection": "cls_soft_bias"
}