{
  "step": 29,
  "train_mode": "baseline",
  "mb_score_source": "shuffled",
  "mb_injection": "cls_soft_bias",
  "accuracy": 0.953125,
  "balanced_accuracy": 0.953032153032153,
  "log_loss": 0.11337686463226282,
  "roc_auc": 0.9922398589065256,
  "loss": 0.1129150390625,
  "mb_sparsity": 0.1666666716337204,
  "mb_mean_score": 0.1666666716337204
}