{
  "accuracy": 0.9711263020833333,
  "balanced_accuracy": 0.9711406871989408,
  "log_loss": 0.06619977539656065,
  "loss": 0.06546885172526042,
  "mb_mean_score": 0.25,
  "mb_sparsity": 0.25,
  "roc_auc": 0.9973192534869705,
  "num_datasets": 30,
  "aggregation": "mean_over_datasets",
  "train_mode": "baseline",
  "mb_score_source": "oracle",
  "mb_injection": "cls_soft_bias"
}