{
  "step": 29,
  "train_mode": "baseline",
  "mb_score_source": "oracle",
  "mb_injection": "cls_soft_bias",
  "accuracy": 0.9794921875,
  "balanced_accuracy": 0.9794902019126965,
  "log_loss": 0.046772661346759885,
  "roc_auc": 0.9986686655756591,
  "loss": 0.0460205078125,
  "mb_sparsity": 0.25,
  "mb_mean_score": 0.25
}