{
  "accuracy": 0.9428385416666667,
  "balanced_accuracy": 0.9429419007665765,
  "log_loss": 0.13304193010617518,
  "loss": 0.13267110188802084,
  "mb_mean_score": 0.1228657066822052,
  "mb_sparsity": 0.08958333569268385,
  "roc_auc": 0.9889536785685901,
  "num_datasets": 30,
  "aggregation": "mean_over_datasets",
  "train_mode": "baseline",
  "mb_score_source": "mi",
  "mb_injection": "cls_soft_bias"
}