accuracy,aggregation,balanced_accuracy,case_dir,case_name,log_loss,loss,mb_injection,mb_mean_score,mb_score_source,mb_sparsity,num_datasets,roc_auc,train_mode
0.9528645833333332,mean_over_datasets,0.9529401657826638,results/step1/test1_dag30_talentlike/mb_bias_init_8.0/scale_sweep/large/baseline,baseline,0.1133415436131138,0.11296488444010416,none,0.0,none,0.0,30,0.9924154640450591,baseline
0.9410590277777776,mean_over_datasets,0.9410505241725377,results/step1/test1_dag30_talentlike/mb_bias_init_8.0/scale_sweep/large/shuffled,shuffled,0.13398682544747467,0.1336181640625,cls_soft_bias,0.1666666716337204,shuffled,0.1666666716337204,30,0.9887304901588532,baseline
0.9479166666666666,mean_over_datasets,0.9479720080139402,results/step1/test1_dag30_talentlike/mb_bias_init_8.0/scale_sweep/large/mi,mi,0.12131209154517997,0.12086690266927083,cls_soft_bias,0.09459104935328165,mi,0.0704861126219233,30,0.9908130385835523,baseline
0.9592013888888888,mean_over_datasets,0.9593557070774775,results/step1/test1_dag30_talentlike/mb_bias_init_8.0/scale_sweep/large/oracle,oracle,0.09935723871902549,0.09889424641927083,cls_soft_bias,0.1666666716337204,oracle,0.1666666716337204,30,0.9938245090249406,baseline
0.9498263888888888,mean_over_datasets,0.9498930981201682,results/step1/test1_dag30_talentlike/mb_bias_init_8.0/scale_sweep/large/corr,corr,0.12054011006012359,0.12005615234375,cls_soft_bias,0.19953544388214747,corr,0.09166666933645805,30,0.9908717492588595,baseline
0.9438368055555556,mean_over_datasets,0.9439134259611665,results/step1/test1_dag30_talentlike/mb_bias_init_8.0/scale_sweep/large/random,random,0.12915731159754443,0.12871907552083334,cls_soft_bias,0.45743316411972046,random,0.4166666865348816,30,0.9896302152044668,baseline
