{
  "step": 29,
  "train_mode": "baseline",
  "mb_score_source": "random",
  "mb_injection": "cls_soft_bias",
  "accuracy": 0.9296875,
  "balanced_accuracy": 0.9296875,
  "log_loss": 0.18582044165611367,
  "roc_auc": 0.978515625,
  "loss": 0.1856689453125,
  "mb_sparsity": 0.34375,
  "mb_mean_score": 0.4057244062423706
}