{
  "accuracy": 0.9774251302083333,
  "balanced_accuracy": 0.9774287077140446,
  "log_loss": 0.05332329922904657,
  "loss": 0.052576700846354164,
  "mb_mean_score": 0.25,
  "mb_sparsity": 0.25,
  "roc_auc": 0.9982265470082747,
  "num_datasets": 30,
  "aggregation": "mean_over_datasets",
  "train_mode": "baseline",
  "mb_score_source": "oracle",
  "mb_injection": "cls_soft_bias"
}