{
  "step": 4,
  "train_mode": "baseline",
  "mb_score_source": "corr",
  "mb_injection": "cls_soft_bias",
  "accuracy": 0.9140625,
  "balanced_accuracy": 0.9145299145299145,
  "log_loss": 0.19702602288892707,
  "roc_auc": 0.9834554334554335,
  "loss": 0.197021484375,
  "mb_sparsity": 0.2109375,
  "mb_mean_score": 0.30446040630340576
}