accuracy,balanced_accuracy,log_loss,loss,mb_injection,mb_mean_score,mb_score_source,mb_sparsity,roc_auc,step,train_mode
0.87890625,0.87890625,0.26201147905504607,0.261962890625,cls_soft_bias,0.30337780714035034,corr,0.2265625,0.9642333984375,0,baseline
0.8828125,0.8829884636513459,0.24520681940577244,0.2452392578125,cls_soft_bias,0.327389121055603,corr,0.234375,0.9628883598852469,1,baseline
0.8828125,0.8834310850439883,0.2597487027311095,0.259765625,cls_soft_bias,0.31725120544433594,corr,0.234375,0.9599217986314761,2,baseline
0.90625,0.9060001220777636,0.2356648639504725,0.235595703125,cls_soft_bias,0.3119816780090332,corr,0.234375,0.9684734175669902,3,baseline
0.9140625,0.9145299145299145,0.19702602288892707,0.197021484375,cls_soft_bias,0.30446040630340576,corr,0.2109375,0.9834554334554335,4,baseline
