{
  "accuracy": 0.96064453125,
  "balanced_accuracy": 0.9606297711201516,
  "log_loss": 0.09136063525083442,
  "loss": 0.09093195597330729,
  "mb_mean_score": 0.17573267022768657,
  "mb_sparsity": 0.08125000428408384,
  "roc_auc": 0.9924723346550454,
  "num_datasets": 30,
  "aggregation": "mean_over_datasets",
  "train_mode": "baseline",
  "mb_score_source": "corr",
  "mb_injection": "cls_soft_bias"
}