{
  "accuracy": 0.978173828125,
  "balanced_accuracy": 0.9781820094770001,
  "log_loss": 0.0522352163610603,
  "loss": 0.05159708658854167,
  "mb_mean_score": 0.25,
  "mb_sparsity": 0.25,
  "roc_auc": 0.9983240208786894,
  "num_datasets": 30,
  "aggregation": "mean_over_datasets",
  "train_mode": "baseline",
  "mb_score_source": "oracle",
  "mb_injection": "cls_soft_bias"
}