{
  "step": 29,
  "train_mode": "baseline",
  "mb_score_source": "oracle",
  "mb_injection": "cls_soft_bias",
  "accuracy": 0.9775390625,
  "balanced_accuracy": 0.9776558706308123,
  "log_loss": 0.06048626728414592,
  "roc_auc": 0.9978950975002673,
  "loss": 0.05975341796875,
  "mb_sparsity": 0.25,
  "mb_mean_score": 0.25
}