{
  "step": 29,
  "train_mode": "baseline",
  "mb_score_source": "none",
  "mb_injection": "none",
  "accuracy": 0.8125,
  "balanced_accuracy": 0.8228228228228228,
  "log_loss": 0.3420650375086356,
  "roc_auc": 0.9469469469469469,
  "loss": 0.342041015625,
  "mb_sparsity": 0.0,
  "mb_mean_score": 0.0
}