{
  "accuracy": 0.9235677083333333,
  "balanced_accuracy": 0.9239003053642364,
  "log_loss": 0.1738790319662284,
  "loss": 0.1736663818359375,
  "mb_mean_score": 0.25,
  "mb_sparsity": 0.25,
  "roc_auc": 0.9762907755233211,
  "num_datasets": 30,
  "aggregation": "mean_over_datasets",
  "train_mode": "baseline",
  "mb_score_source": "shuffled",
  "mb_injection": "cls_soft_bias"
}