{
  "step": 29,
  "train_mode": "baseline",
  "mb_score_source": "shuffled",
  "mb_injection": "cls_soft_bias",
  "accuracy": 0.97265625,
  "balanced_accuracy": 0.9735135796427697,
  "log_loss": 0.08360232034887925,
  "roc_auc": 0.9969797528749695,
  "loss": 0.08306884765625,
  "mb_sparsity": 0.25,
  "mb_mean_score": 0.25
}