{
  "accuracy": 0.9511067708333333,
  "balanced_accuracy": 0.9511750584500829,
  "log_loss": 0.12125153821196735,
  "loss": 0.1214263916015625,
  "mb_mean_score": 0.10698045392831167,
  "mb_sparsity": 0.08177083333333333,
  "roc_auc": 0.990950783907215,
  "num_datasets": 30,
  "aggregation": "mean_over_datasets",
  "train_mode": "baseline",
  "mb_score_source": "mi",
  "mb_injection": "cls_soft_bias"
}