{
  "X_shape": [
    64,
    16
  ],
  "y_shape": [
    64
  ],
  "mb_shape": [
    16
  ],
  "mb_positive": 4.0,
  "target_std": 0.5039526224136353,
  "mb_abs_mean": 0.8369483947753906,
  "non_mb_abs_mean": 0.7607266306877136
}