{
  "accuracy": 0.9342447916666666,
  "balanced_accuracy": 0.9343898348838607,
  "log_loss": 0.15696235995764746,
  "loss": 0.15652262369791667,
  "mb_mean_score": 0.11021797098219395,
  "mb_sparsity": 0.078125,
  "roc_auc": 0.9859685193162476,
  "num_datasets": 30,
  "aggregation": "mean_over_datasets",
  "train_mode": "baseline",
  "mb_score_source": "mi",
  "mb_injection": "cls_soft_bias"
}