{
  "step": 29,
  "train_mode": "baseline",
  "mb_score_source": "mi",
  "mb_injection": "cls_soft_bias",
  "accuracy": 0.953125,
  "balanced_accuracy": 0.9538414447505357,
  "log_loss": 0.13335644304849542,
  "roc_auc": 0.9898377716559535,
  "loss": 0.1331787109375,
  "mb_sparsity": 0.03125,
  "mb_mean_score": 0.07971439510583878
}