{
  "step": 29,
  "train_mode": "baseline",
  "mb_score_source": "none",
  "mb_injection": "none",
  "accuracy": 0.98486328125,
  "balanced_accuracy": 0.9848697802112651,
  "log_loss": 0.03465941298049084,
  "roc_auc": 0.9993119159421637,
  "loss": 0.0338134765625,
  "mb_sparsity": 0.0,
  "mb_mean_score": 0.0
}