{
  "accuracy": 0.9625,
  "balanced_accuracy": 0.9625582357525583,
  "log_loss": 0.0879484796549139,
  "loss": 0.08736419677734375,
  "mb_mean_score": 0.25,
  "mb_sparsity": 0.25,
  "roc_auc": 0.9954177466001386,
  "num_datasets": 30,
  "aggregation": "mean_over_datasets",
  "train_mode": "baseline",
  "mb_score_source": "oracle",
  "mb_injection": "cls_soft_bias"
}