{
  "accuracy": 0.9519965277777778,
  "balanced_accuracy": 0.9520961535885573,
  "log_loss": 0.11232374756278639,
  "loss": 0.11192728678385416,
  "mb_mean_score": 0.45743316411972046,
  "mb_sparsity": 0.4166666865348816,
  "roc_auc": 0.9925094247546744,
  "num_datasets": 30,
  "aggregation": "mean_over_datasets",
  "train_mode": "baseline",
  "mb_score_source": "random",
  "mb_injection": "cls_soft_bias"
}