{
  "step": 29,
  "train_mode": "baseline",
  "mb_score_source": "random",
  "mb_injection": "cls_soft_bias",
  "accuracy": 0.9661458333333334,
  "balanced_accuracy": 0.9659340659340658,
  "log_loss": 0.06456060578377515,
  "roc_auc": 0.9974630307963641,
  "loss": 0.06414794921875,
  "mb_sparsity": 0.4166666865348816,
  "mb_mean_score": 0.45743316411972046
}