{
  "accuracy": 0.9296875,
  "balanced_accuracy": 0.9296604434390334,
  "log_loss": 0.16240738020306725,
  "loss": 0.16222025553385416,
  "mb_mean_score": 0.435289204120636,
  "mb_sparsity": 0.375,
  "roc_auc": 0.9848592917547884,
  "num_datasets": 30,
  "aggregation": "mean_over_datasets",
  "train_mode": "baseline",
  "mb_score_source": "random",
  "mb_injection": "cls_soft_bias"
}