{
  "step": 29,
  "train_mode": "baseline",
  "mb_score_source": "random",
  "mb_injection": "cls_soft_bias",
  "accuracy": 0.90625,
  "balanced_accuracy": 0.9054187192118226,
  "log_loss": 0.20292688569875364,
  "roc_auc": 0.9758620689655172,
  "loss": 0.202880859375,
  "mb_sparsity": 0.375,
  "mb_mean_score": 0.435289204120636
}