{
  "accuracy": 0.9291666666666667,
  "balanced_accuracy": 0.9294430890021556,
  "log_loss": 0.16437415868330307,
  "loss": 0.16399129231770834,
  "mb_mean_score": 0.435289204120636,
  "mb_sparsity": 0.375,
  "roc_auc": 0.9839516083097474,
  "num_datasets": 30,
  "aggregation": "mean_over_datasets",
  "train_mode": "baseline",
  "mb_score_source": "random",
  "mb_injection": "cls_soft_bias"
}