{
  "step": 29,
  "train_mode": "baseline",
  "mb_score_source": "random",
  "mb_injection": "cls_soft_bias",
  "accuracy": 0.94921875,
  "balanced_accuracy": 0.9514233241505969,
  "log_loss": 0.1378957909920378,
  "roc_auc": 0.9918579736761555,
  "loss": 0.1375732421875,
  "mb_sparsity": 0.375,
  "mb_mean_score": 0.435289204120636
}