{
  "accuracy": 0.9342447916666666,
  "balanced_accuracy": 0.9343203785919335,
  "log_loss": 0.15092727055002386,
  "loss": 0.15072733561197918,
  "mb_mean_score": 0.09970552710195382,
  "mb_sparsity": 0.08500000151495139,
  "roc_auc": 0.9799490500433519,
  "num_datasets": 30,
  "aggregation": "mean_over_datasets",
  "train_mode": "baseline",
  "mb_score_source": "mi",
  "mb_injection": "cls_soft_bias"
}