{
  "step": 29,
  "train_mode": "baseline",
  "mb_score_source": "mi",
  "mb_injection": "cls_soft_bias",
  "accuracy": 0.947265625,
  "balanced_accuracy": 0.9475126314664712,
  "log_loss": 0.12297318549624918,
  "roc_auc": 0.9912342965303537,
  "loss": 0.12237548828125,
  "mb_sparsity": 0.2874999940395355,
  "mb_mean_score": 0.2452700436115265
}