{
  "step": 29,
  "train_mode": "baseline",
  "mb_score_source": "oracle",
  "mb_injection": "cls_soft_bias",
  "accuracy": 0.984375,
  "balanced_accuracy": 0.9843848311559502,
  "log_loss": 0.03765814410801042,
  "roc_auc": 0.9991955663163066,
  "loss": 0.036834716796875,
  "mb_sparsity": 0.25,
  "mb_mean_score": 0.25
}