{
  "accuracy": 0.9147135416666666,
  "balanced_accuracy": 0.9153772809896267,
  "log_loss": 0.19853053971440476,
  "loss": 0.19828694661458332,
  "mb_mean_score": 0.435289204120636,
  "mb_sparsity": 0.375,
  "roc_auc": 0.976288367333876,
  "num_datasets": 30,
  "aggregation": "mean_over_datasets",
  "train_mode": "baseline",
  "mb_score_source": "random",
  "mb_injection": "cls_soft_bias"
}