{
  "step": 29,
  "train_mode": "baseline",
  "mb_score_source": "random",
  "mb_injection": "cls_soft_bias",
  "accuracy": 0.94140625,
  "balanced_accuracy": 0.9435873890419345,
  "log_loss": 0.13918020298505016,
  "roc_auc": 0.989470462197735,
  "loss": 0.1387939453125,
  "mb_sparsity": 0.375,
  "mb_mean_score": 0.435289204120636
}