{
  "accuracy": 0.9263020833333333,
  "balanced_accuracy": 0.9264695198872949,
  "log_loss": 0.16461341288575426,
  "loss": 0.16448567708333334,
  "mb_mean_score": 0.15625,
  "mb_sparsity": 0.15625,
  "roc_auc": 0.9841295404221089,
  "num_datasets": 30,
  "aggregation": "mean_over_datasets",
  "train_mode": "baseline",
  "mb_score_source": "shuffled",
  "mb_injection": "cls_soft_bias"
}