{
  "step": 4,
  "train_mode": "baseline",
  "mb_score_source": "shuffled",
  "mb_injection": "cls_soft_bias",
  "accuracy": 0.939453125,
  "balanced_accuracy": 0.9399296797370633,
  "log_loss": 0.1550273722502475,
  "roc_auc": 0.9871665520140641,
  "loss": 0.1549072265625,
  "mb_sparsity": 0.15625,
  "mb_mean_score": 0.15625
}