accuracy,balanced_accuracy,log_loss,loss,mb_injection,mb_mean_score,mb_score_source,mb_sparsity,roc_auc,step,train_mode
0.9296875,0.9293553754331334,0.1648222802034015,0.1646728515625,cls_soft_bias,0.15625,shuffled,0.15625,0.9838882019813466,0,baseline
0.912109375,0.912109375,0.17495729165512502,0.1748046875,cls_soft_bias,0.15625,shuffled,0.15625,0.981719970703125,1,baseline
0.955078125,0.9553418803418803,0.10978933381001169,0.10955810546875,cls_soft_bias,0.15625,shuffled,0.15625,0.993307387057387,2,baseline
0.921875,0.9219923091008972,0.16783933645475343,0.167724609375,cls_soft_bias,0.15625,shuffled,0.15625,0.9834279436000732,3,baseline
0.939453125,0.9399296797370633,0.1550273722502475,0.1549072265625,cls_soft_bias,0.15625,shuffled,0.15625,0.9871665520140641,4,baseline
