{
  "accuracy": 0.9075520833333334,
  "balanced_accuracy": 0.9076410226995254,
  "log_loss": 0.21937116870753817,
  "loss": 0.2191436767578125,
  "mb_mean_score": 0.25,
  "mb_sparsity": 0.25,
  "roc_auc": 0.9702713766849886,
  "num_datasets": 30,
  "aggregation": "mean_over_datasets",
  "train_mode": "baseline",
  "mb_score_source": "shuffled",
  "mb_injection": "cls_soft_bias"
}