{
  "accuracy": 0.9679361979166666,
  "balanced_accuracy": 0.9679106761128218,
  "log_loss": 0.07524343849395881,
  "loss": 0.07462361653645834,
  "mb_mean_score": 0.20741521765788395,
  "mb_sparsity": 0.10500000187506278,
  "roc_auc": 0.9962020870181431,
  "num_datasets": 30,
  "aggregation": "mean_over_datasets",
  "train_mode": "baseline",
  "mb_score_source": "corr",
  "mb_injection": "cls_soft_bias"
}