{
  "accuracy": 0.9145833333333333,
  "balanced_accuracy": 0.9147905586097991,
  "log_loss": 0.2025477640741152,
  "loss": 0.20269368489583334,
  "mb_mean_score": 0.435289204120636,
  "mb_sparsity": 0.375,
  "roc_auc": 0.9742026035004692,
  "num_datasets": 30,
  "aggregation": "mean_over_datasets",
  "train_mode": "baseline",
  "mb_score_source": "random",
  "mb_injection": "cls_soft_bias"
}