{
  "step": 29,
  "train_mode": "baseline",
  "mb_score_source": "random",
  "mb_injection": "cls_soft_bias",
  "accuracy": 0.931640625,
  "balanced_accuracy": 0.9317653535600685,
  "log_loss": 0.15221281693853717,
  "roc_auc": 0.9883930756055787,
  "loss": 0.1517333984375,
  "mb_sparsity": 0.375,
  "mb_mean_score": 0.435289204120636
}