{
  "step": 29,
  "train_mode": "baseline",
  "mb_score_source": "corr",
  "mb_injection": "cls_soft_bias",
  "accuracy": 0.962890625,
  "balanced_accuracy": 0.9634511866895032,
  "log_loss": 0.0943636082273366,
  "roc_auc": 0.9950452654758991,
  "loss": 0.093994140625,
  "mb_sparsity": 0.09375,
  "mb_mean_score": 0.2457917034626007
}