{
  "accuracy": 0.9410590277777776,
  "balanced_accuracy": 0.9410505241725377,
  "log_loss": 0.13398682544747467,
  "loss": 0.1336181640625,
  "mb_mean_score": 0.1666666716337204,
  "mb_sparsity": 0.1666666716337204,
  "roc_auc": 0.9887304901588532,
  "num_datasets": 30,
  "aggregation": "mean_over_datasets",
  "train_mode": "baseline",
  "mb_score_source": "shuffled",
  "mb_injection": "cls_soft_bias"
}