{
  "step": 29,
  "train_mode": "baseline",
  "mb_score_source": "shuffled",
  "mb_injection": "cls_soft_bias",
  "accuracy": 0.9583333333333334,
  "balanced_accuracy": 0.9584045584045584,
  "log_loss": 0.09357302135935881,
  "roc_auc": 0.994681861348528,
  "loss": 0.09307861328125,
  "mb_sparsity": 0.1666666716337204,
  "mb_mean_score": 0.1666666716337204
}