{
  "step": 29,
  "train_mode": "baseline",
  "mb_score_source": "corr",
  "mb_injection": "cls_soft_bias",
  "accuracy": 0.96484375,
  "balanced_accuracy": 0.9651759530791789,
  "log_loss": 0.07530024476176134,
  "roc_auc": 0.9966397849462365,
  "loss": 0.07489013671875,
  "mb_sparsity": 0.0416666679084301,
  "mb_mean_score": 0.19857530295848846
}