{
  "step": 29,
  "train_mode": "baseline",
  "mb_score_source": "shuffled",
  "mb_injection": "cls_soft_bias",
  "accuracy": 0.75,
  "balanced_accuracy": 0.746031746031746,
  "log_loss": 0.5452861401358589,
  "roc_auc": 0.888888888888889,
  "loss": 0.54541015625,
  "mb_sparsity": 0.25,
  "mb_mean_score": 0.25
}