{
  "step": 29,
  "train_mode": "baseline",
  "mb_score_source": "corr",
  "mb_injection": "cls_soft_bias",
  "accuracy": 0.97509765625,
  "balanced_accuracy": 0.9751992761922214,
  "log_loss": 0.06546646616065374,
  "roc_auc": 0.9974928230030389,
  "loss": 0.06475830078125,
  "mb_sparsity": 0.2083333432674408,
  "mb_mean_score": 0.21389871835708618
}