{
  "accuracy": 0.9604817708333333,
  "balanced_accuracy": 0.9606724074683555,
  "log_loss": 0.08892689827702517,
  "loss": 0.08840840657552083,
  "mb_mean_score": 0.435289204120636,
  "mb_sparsity": 0.375,
  "roc_auc": 0.995225938920262,
  "num_datasets": 30,
  "aggregation": "mean_over_datasets",
  "train_mode": "baseline",
  "mb_score_source": "random",
  "mb_injection": "cls_soft_bias"
}