{
  "step": 29,
  "train_mode": "baseline",
  "mb_score_source": "random",
  "mb_injection": "cls_soft_bias",
  "accuracy": 0.962890625,
  "balanced_accuracy": 0.9634511866895032,
  "log_loss": 0.0886447162500544,
  "roc_auc": 0.9956263763151456,
  "loss": 0.08819580078125,
  "mb_sparsity": 0.375,
  "mb_mean_score": 0.435289204120636
}