{
  "step": 29,
  "train_mode": "baseline",
  "mb_score_source": "none",
  "mb_injection": "none",
  "accuracy": 0.953125,
  "balanced_accuracy": 0.9546985001530457,
  "log_loss": 0.11660209977589388,
  "roc_auc": 0.9933884297520661,
  "loss": 0.11639404296875,
  "mb_sparsity": 0.0,
  "mb_mean_score": 0.0
}