{
  "accuracy": 0.9625,
  "balanced_accuracy": 0.9625377657615651,
  "log_loss": 0.08794786669598606,
  "loss": 0.087359619140625,
  "mb_mean_score": 0.25,
  "mb_sparsity": 0.25,
  "roc_auc": 0.995411605444015,
  "num_datasets": 30,
  "aggregation": "mean_over_datasets",
  "train_mode": "baseline",
  "mb_score_source": "oracle",
  "mb_injection": "cls_soft_bias"
}