{
  "step": 29,
  "train_mode": "baseline",
  "mb_score_source": "oracle",
  "mb_injection": "cls_soft_bias",
  "accuracy": 0.953125,
  "balanced_accuracy": 0.9541228284805481,
  "log_loss": 0.09409087028436759,
  "roc_auc": 0.9944335698556399,
  "loss": 0.093505859375,
  "mb_sparsity": 0.25,
  "mb_mean_score": 0.25
}