{
  "accuracy": 0.9757080078125,
  "balanced_accuracy": 0.975702922864733,
  "log_loss": 0.05654715898957218,
  "loss": 0.055844624837239586,
  "mb_mean_score": 0.0784391620506843,
  "mb_sparsity": 0.07172619433452686,
  "roc_auc": 0.9977558904823911,
  "num_datasets": 30,
  "aggregation": "mean_over_datasets",
  "train_mode": "baseline",
  "mb_score_source": "mi",
  "mb_injection": "cls_soft_bias"
}