{
  "step": 29,
  "train_mode": "baseline",
  "mb_score_source": "mi",
  "mb_injection": "cls_soft_bias",
  "accuracy": 0.983154296875,
  "balanced_accuracy": 0.9831699550933359,
  "log_loss": 0.038162713116142874,
  "roc_auc": 0.9991770886605608,
  "loss": 0.037353515625,
  "mb_sparsity": 0.0535714328289032,
  "mb_mean_score": 0.06151971220970154
}