{
  "step": 29,
  "train_mode": "baseline",
  "mb_score_source": "corr",
  "mb_injection": "cls_soft_bias",
  "accuracy": 0.9833984375,
  "balanced_accuracy": 0.9834079109493673,
  "log_loss": 0.04860366883705637,
  "roc_auc": 0.9988250687601805,
  "loss": 0.048004150390625,
  "mb_sparsity": 0.0833333358168602,
  "mb_mean_score": 0.19129180908203125
}