{
  "accuracy": 0.9514756944444442,
  "balanced_accuracy": 0.9515895239080951,
  "log_loss": 0.11257750185599899,
  "loss": 0.11218465169270833,
  "mb_mean_score": 0.1666666716337204,
  "mb_sparsity": 0.1666666716337204,
  "roc_auc": 0.992420127968016,
  "num_datasets": 30,
  "aggregation": "mean_over_datasets",
  "train_mode": "baseline",
  "mb_score_source": "shuffled",
  "mb_injection": "cls_soft_bias"
}