{
  "step": 29,
  "train_mode": "baseline",
  "mb_score_source": "shuffled",
  "mb_injection": "cls_soft_bias",
  "accuracy": 0.96875,
  "balanced_accuracy": 0.9685795685795686,
  "log_loss": 0.07244037753612902,
  "roc_auc": 0.9964997964997966,
  "loss": 0.072021484375,
  "mb_sparsity": 0.1666666716337204,
  "mb_mean_score": 0.1666666716337204
}