{
  "step": 29,
  "train_mode": "baseline",
  "mb_score_source": "mi",
  "mb_injection": "cls_soft_bias",
  "accuracy": 0.921875,
  "balanced_accuracy": 0.921875,
  "log_loss": 0.18110546084384838,
  "roc_auc": 0.9798583984375,
  "loss": 0.1810302734375,
  "mb_sparsity": 0.03125,
  "mb_mean_score": 0.08991418778896332
}