{
  "accuracy": 0.9613932291666667,
  "balanced_accuracy": 0.9615839113380531,
  "log_loss": 0.08895368538920857,
  "loss": 0.08843587239583334,
  "mb_mean_score": 0.25,
  "mb_sparsity": 0.25,
  "roc_auc": 0.9952456149485153,
  "num_datasets": 30,
  "aggregation": "mean_over_datasets",
  "train_mode": "baseline",
  "mb_score_source": "shuffled",
  "mb_injection": "cls_soft_bias"
}