{
  "accuracy": 0.9399739583333333,
  "balanced_accuracy": 0.9400119237233718,
  "log_loss": 0.14187735305522936,
  "loss": 0.14181925455729166,
  "mb_mean_score": 0.4408135414123535,
  "mb_sparsity": 0.38750001788139343,
  "roc_auc": 0.985519417253243,
  "num_datasets": 30,
  "aggregation": "mean_over_datasets",
  "train_mode": "baseline",
  "mb_score_source": "random",
  "mb_injection": "cls_soft_bias"
}