{
  "accuracy": 0.9694498697916667,
  "balanced_accuracy": 0.9694650597290354,
  "log_loss": 0.07396618631470105,
  "loss": 0.07340291341145834,
  "mb_mean_score": 0.08679590802639722,
  "mb_sparsity": 0.07951389150694013,
  "roc_auc": 0.9963712824754001,
  "num_datasets": 30,
  "aggregation": "mean_over_datasets",
  "train_mode": "baseline",
  "mb_score_source": "mi",
  "mb_injection": "cls_soft_bias"
}