{
  "step": 29,
  "train_mode": "baseline",
  "mb_score_source": "mi",
  "mb_injection": "cls_soft_bias",
  "accuracy": 0.97705078125,
  "balanced_accuracy": 0.9771538625986838,
  "log_loss": 0.05351953046618006,
  "roc_auc": 0.9984410073755096,
  "loss": 0.052734375,
  "mb_sparsity": 0.0416666679084301,
  "mb_mean_score": 0.09780667722225189
}