{
  "accuracy": 0.9360677083333333,
  "balanced_accuracy": 0.9365159446151542,
  "log_loss": 0.14637634254236906,
  "loss": 0.14609781901041666,
  "mb_mean_score": 0.22715164273977279,
  "mb_sparsity": 0.12135416666666667,
  "roc_auc": 0.9871241932698678,
  "num_datasets": 30,
  "aggregation": "mean_over_datasets",
  "train_mode": "baseline",
  "mb_score_source": "corr",
  "mb_injection": "cls_soft_bias"
}