{
  "accuracy": 0.9543402777777777,
  "balanced_accuracy": 0.95445644859738,
  "log_loss": 0.10397350337099363,
  "loss": 0.103515625,
  "mb_mean_score": 0.1666666716337204,
  "mb_sparsity": 0.1666666716337204,
  "roc_auc": 0.9935261840108311,
  "num_datasets": 30,
  "aggregation": "mean_over_datasets",
  "train_mode": "baseline",
  "mb_score_source": "oracle",
  "mb_injection": "cls_soft_bias"
}