{
  "step": 29,
  "train_mode": "baseline",
  "mb_score_source": "corr",
  "mb_injection": "cls_soft_bias",
  "accuracy": 0.97265625,
  "balanced_accuracy": 0.9726892360315789,
  "log_loss": 0.06292691159204863,
  "roc_auc": 0.9977237848733336,
  "loss": 0.06219482421875,
  "mb_sparsity": 0.2083333432674408,
  "mb_mean_score": 0.21389871835708618
}