{
  "step": 29,
  "train_mode": "baseline",
  "mb_score_source": "mi",
  "mb_injection": "cls_soft_bias",
  "accuracy": 0.958984375,
  "balanced_accuracy": 0.9599033520919991,
  "log_loss": 0.10632861855894482,
  "roc_auc": 0.993806581844874,
  "loss": 0.105712890625,
  "mb_sparsity": 0.09375,
  "mb_mean_score": 0.12409842759370804
}