{
  "step": 29,
  "train_mode": "baseline",
  "mb_score_source": "shuffled",
  "mb_injection": "cls_soft_bias",
  "accuracy": 0.9375,
  "balanced_accuracy": 0.9388304379740641,
  "log_loss": 0.16061329227564336,
  "roc_auc": 0.9862674333251774,
  "loss": 0.16015625,
  "mb_sparsity": 0.25,
  "mb_mean_score": 0.25
}