{
  "step": 29,
  "train_mode": "baseline",
  "mb_score_source": "oracle",
  "mb_injection": "cls_soft_bias",
  "accuracy": 0.90625,
  "balanced_accuracy": 0.9054187192118226,
  "log_loss": 0.20615864427919373,
  "roc_auc": 0.9754926108374384,
  "loss": 0.2061767578125,
  "mb_sparsity": 0.15625,
  "mb_mean_score": 0.15625
}