accuracy,balanced_accuracy,log_loss,loss,mb_injection,mb_mean_score,mb_score_source,mb_sparsity,roc_auc,step,train_mode
0.9296875,0.9294316984933828,0.15984253077993085,0.15966796875,cls_soft_bias,0.15625,oracle,0.15625,0.9849490925188137,0,baseline
0.9140625,0.9140625,0.17181827754930928,0.171630859375,cls_soft_bias,0.15625,oracle,0.15625,0.982330322265625,1,baseline
0.95703125,0.9573870573870573,0.10622828539639406,0.10595703125,cls_soft_bias,0.15625,oracle,0.15625,0.9937271062271061,2,baseline
0.92578125,0.9258987975340291,0.1684116166153686,0.1683349609375,cls_soft_bias,0.15625,oracle,0.15625,0.9833745345785265,3,baseline
0.94140625,0.9414660246120921,0.14796737512099123,0.14794921875,cls_soft_bias,0.15625,oracle,0.15625,0.9879691202323626,4,baseline
