accuracy,aggregation,balanced_accuracy,case_dir,case_name,log_loss,loss,mb_injection,mb_mean_score,mb_score_source,mb_sparsity,num_datasets,roc_auc,train_mode
0.9528645833333332,mean_over_datasets,0.9529401657826638,results/step1/test1_dag30_talentlike/mb_bias_init_16.0/scale_sweep/large/baseline,baseline,0.1133415436131138,0.11296488444010416,none,0.0,none,0.0,30,0.9924154640450591,baseline
0.9162326388888891,mean_over_datasets,0.916310808357227,results/step1/test1_dag30_talentlike/mb_bias_init_16.0/scale_sweep/large/shuffled,shuffled,0.19007559588795023,0.18992513020833332,cls_soft_bias,0.1666666716337204,shuffled,0.1666666716337204,30,0.9748363349075829,baseline
0.9426215277777776,mean_over_datasets,0.9426048630946084,results/step1/test1_dag30_talentlike/mb_bias_init_16.0/scale_sweep/large/mi,mi,0.13643025998696767,0.13608601888020833,cls_soft_bias,0.09459104935328165,mi,0.0704861126219233,30,0.9891654742472389,baseline
0.9625868055555553,mean_over_datasets,0.9627036287248084,results/step1/test1_dag30_talentlike/mb_bias_init_16.0/scale_sweep/large/oracle,oracle,0.08949817324480405,0.08892008463541666,cls_soft_bias,0.1666666716337204,oracle,0.1666666716337204,30,0.9948799281703202,baseline
0.9454861111111111,mean_over_datasets,0.9454807380475525,results/step1/test1_dag30_talentlike/mb_bias_init_16.0/scale_sweep/large/corr,corr,0.13313674480468785,0.132861328125,cls_soft_bias,0.19953544388214747,corr,0.09166666933645805,30,0.9897032902764737,baseline
0.934722222222222,mean_over_datasets,0.9347803465402962,results/step1/test1_dag30_talentlike/mb_bias_init_16.0/scale_sweep/large/random,random,0.1490963249601889,0.148675537109375,cls_soft_bias,0.45743316411972046,random,0.4166666865348816,30,0.9865809187828266,baseline
