accuracy,aggregation,balanced_accuracy,case_dir,case_name,log_loss,loss,mb_injection,mb_mean_score,mb_score_source,mb_sparsity,num_datasets,roc_auc,train_mode
0.9263020833333333,mean_over_datasets,0.9264242788034883,/data0/hjx2024/lingyuhui2025/MB/MB1/results/step1/test1/mb_bias_init_1.0/scale_sweep/large/baseline,baseline,0.16616561727214282,0.16606241861979168,none,0.0,none,0.0,30,0.9840032896522841,baseline
0.9263020833333333,mean_over_datasets,0.9264695198872949,/data0/hjx2024/lingyuhui2025/MB/MB1/results/step1/test1/mb_bias_init_1.0/scale_sweep/large/shuffled,shuffled,0.16461341288575426,0.16448567708333334,cls_soft_bias,0.15625,shuffled,0.15625,30,0.9841295404221089,baseline
0.9268229166666667,mean_over_datasets,0.9269495120854572,/data0/hjx2024/lingyuhui2025/MB/MB1/results/step1/test1/mb_bias_init_1.0/scale_sweep/large/mi,mi,0.16251453749654923,0.16238199869791667,cls_soft_bias,0.1455512690047423,mi,0.11770833333333333,30,0.9845497466666612,baseline
0.928125,mean_over_datasets,0.9281423896521841,/data0/hjx2024/lingyuhui2025/MB/MB1/results/step1/test1/mb_bias_init_1.0/scale_sweep/large/oracle,oracle,0.16121252506007058,0.16107584635416666,cls_soft_bias,0.15625,oracle,0.15625,30,0.9847498747848176,baseline
0.928125,mean_over_datasets,0.9281958876990871,/data0/hjx2024/lingyuhui2025/MB/MB1/results/step1/test1/mb_bias_init_1.0/scale_sweep/large/corr,corr,0.16184826063999744,0.16169637044270832,cls_soft_bias,0.24652931441863377,corr,0.14635416666666667,30,0.9847536455065592,baseline
0.9283854166666666,mean_over_datasets,0.9284862525068923,/data0/hjx2024/lingyuhui2025/MB/MB1/results/step1/test1/mb_bias_init_1.0/scale_sweep/large/random,random,0.16303843579504534,0.16287841796875,cls_soft_bias,0.435289204120636,random,0.375,30,0.9845945664629726,baseline
