accuracy,balanced_accuracy,case_dir,case_name,log_loss,loss,mb_injection,mb_mean_score,mb_score_source,mb_sparsity,roc_auc,step,train_mode
0.939453125,0.9397615225865628,/data0/hjx2024/lingyuhui2025/MB/MB1/results/step1/test1/mb_bias_init_1.0/scale_sweep/large/baseline,baseline,0.15884531908134117,0.1588134765625,none,0.0,none,0.0,0.9866926545899258,4,baseline
0.939453125,0.9399296797370633,/data0/hjx2024/lingyuhui2025/MB/MB1/results/step1/test1/mb_bias_init_1.0/scale_sweep/large/shuffled,shuffled,0.1550273722502475,0.1549072265625,cls_soft_bias,0.15625,shuffled,0.15625,0.9871665520140641,4,baseline
0.9453125,0.9455476572651532,/data0/hjx2024/lingyuhui2025/MB/MB1/results/step1/test1/mb_bias_init_1.0/scale_sweep/large/mi,mi,0.1467096849093662,0.1466064453125,cls_soft_bias,0.1395178586244583,mi,0.11328125,0.9882289994649546,4,baseline
0.94140625,0.9414660246120921,/data0/hjx2024/lingyuhui2025/MB/MB1/results/step1/test1/mb_bias_init_1.0/scale_sweep/large/oracle,oracle,0.14796737512099123,0.14794921875,cls_soft_bias,0.15625,oracle,0.15625,0.9879691202323626,4,baseline
0.943359375,0.9436749980891233,/data0/hjx2024/lingyuhui2025/MB/MB1/results/step1/test1/mb_bias_init_1.0/scale_sweep/large/corr,corr,0.14553200490091323,0.1453857421875,cls_soft_bias,0.23982100188732147,corr,0.1328125,0.9884277306428189,4,baseline
0.94140625,0.9416341817625926,/data0/hjx2024/lingyuhui2025/MB/MB1/results/step1/test1/mb_bias_init_1.0/scale_sweep/large/random,random,0.1472364670337317,0.1470947265625,cls_soft_bias,0.5090187788009644,random,0.48828125,0.9883895131086143,4,baseline
