{
  "step": 29,
  "train_mode": "baseline",
  "mb_score_source": "none",
  "mb_injection": "none",
  "accuracy": 0.9755859375,
  "balanced_accuracy": 0.9756478385022982,
  "log_loss": 0.06411166333511203,
  "roc_auc": 0.9976121214897614,
  "loss": 0.06341552734375,
  "mb_sparsity": 0.0,
  "mb_mean_score": 0.0
}