{
  "accuracy": 0.9641276041666667,
  "balanced_accuracy": 0.9643123097161942,
  "log_loss": 0.08246864176391236,
  "loss": 0.08194478352864583,
  "mb_mean_score": 0.25,
  "mb_sparsity": 0.25,
  "roc_auc": 0.9961353222483933,
  "num_datasets": 30,
  "aggregation": "mean_over_datasets",
  "train_mode": "baseline",
  "mb_score_source": "oracle",
  "mb_injection": "cls_soft_bias"
}