{
  "X_shape": [
    1024,
    48
  ],
  "y_shape": [
    1024
  ],
  "mb_shape": [
    48
  ],
  "mb_positive": 12.0,
  "target_std": 0.5002443194389343,
  "mb_abs_mean": 1.3105173110961914,
  "non_mb_abs_mean": 0.7902330756187439
}