{
  "accuracy": 0.9695638020833334,
  "balanced_accuracy": 0.9696008627354257,
  "log_loss": 0.06981724988096492,
  "loss": 0.0691436767578125,
  "mb_mean_score": 0.25,
  "mb_sparsity": 0.25,
  "roc_auc": 0.996969698644307,
  "num_datasets": 30,
  "aggregation": "mean_over_datasets",
  "train_mode": "baseline",
  "mb_score_source": "oracle",
  "mb_injection": "cls_soft_bias"
}