{
  "step": 29,
  "train_mode": "baseline",
  "mb_score_source": "oracle",
  "mb_injection": "cls_soft_bias",
  "accuracy": 0.982421875,
  "balanced_accuracy": 0.9824256226563364,
  "log_loss": 0.04251390016701602,
  "roc_auc": 0.999036785266057,
  "loss": 0.04180908203125,
  "mb_sparsity": 0.25,
  "mb_mean_score": 0.25
}