{
  "X_shape": [
    2048,
    48
  ],
  "y_shape": [
    2048
  ],
  "mb_shape": [
    48
  ],
  "mb_positive": 12.0,
  "target_std": 0.5001221299171448,
  "mb_abs_mean": 1.2150206565856934,
  "non_mb_abs_mean": 0.7845446467399597
}