{
  "step": 29,
  "train_mode": "baseline",
  "mb_score_source": "corr",
  "mb_injection": "cls_soft_bias",
  "accuracy": 0.951171875,
  "balanced_accuracy": 0.9520736481526793,
  "log_loss": 0.10765720061836101,
  "roc_auc": 0.9937530584781012,
  "loss": 0.1070556640625,
  "mb_sparsity": 0.09375,
  "mb_mean_score": 0.2457917034626007
}