{
  "accuracy": 0.9538194444444442,
  "balanced_accuracy": 0.9538895722880516,
  "log_loss": 0.11002179718040067,
  "loss": 0.10963541666666667,
  "mb_mean_score": 0.1666666716337204,
  "mb_sparsity": 0.1666666716337204,
  "roc_auc": 0.9928832860734231,
  "num_datasets": 30,
  "aggregation": "mean_over_datasets",
  "train_mode": "baseline",
  "mb_score_source": "oracle",
  "mb_injection": "cls_soft_bias"
}