{
  "step": 4,
  "train_mode": "baseline",
  "mb_score_source": "random",
  "mb_injection": "cls_soft_bias",
  "accuracy": 0.94140625,
  "balanced_accuracy": 0.9416341817625926,
  "log_loss": 0.1472364670337317,
  "roc_auc": 0.9883895131086143,
  "loss": 0.1470947265625,
  "mb_sparsity": 0.48828125,
  "mb_mean_score": 0.5090187788009644
}