accuracy,balanced_accuracy,log_loss,loss,mb_injection,mb_mean_score,mb_score_source,mb_sparsity,roc_auc,step,train_mode
0.92578125,0.9254476347483629,0.16321847220462765,0.1629638671875,cls_soft_bias,0.5090187788009644,random,0.48828125,0.9845140510753919,0,baseline
0.912109375,0.912109375,0.17344854049241984,0.17333984375,cls_soft_bias,0.5090187788009644,random,0.48828125,0.9818878173828125,1,baseline
0.958984375,0.9592490842490842,0.1089260439907584,0.108642578125,cls_soft_bias,0.5090187788009644,random,0.48828125,0.9936507936507936,2,baseline
0.923828125,0.9240218519196728,0.16796777709520946,0.1678466796875,cls_soft_bias,0.5090187788009644,random,0.48828125,0.9836339498260391,3,baseline
0.94140625,0.9416341817625926,0.1472364670337317,0.1470947265625,cls_soft_bias,0.5090187788009644,random,0.48828125,0.9883895131086143,4,baseline
