{
  "accuracy": 0.951996527777778,
  "balanced_accuracy": 0.952079848403222,
  "log_loss": 0.11279938381835414,
  "loss": 0.11241658528645833,
  "mb_mean_score": 0.19953544388214747,
  "mb_sparsity": 0.09166666933645805,
  "roc_auc": 0.9924663676789984,
  "num_datasets": 30,
  "aggregation": "mean_over_datasets",
  "train_mode": "baseline",
  "mb_score_source": "corr",
  "mb_injection": "cls_soft_bias"
}