{
  "step": 29,
  "train_mode": "baseline",
  "mb_score_source": "corr",
  "mb_injection": "cls_soft_bias",
  "accuracy": 0.9661458333333334,
  "balanced_accuracy": 0.9660154660154661,
  "log_loss": 0.07006509907585638,
  "roc_auc": 0.9968796635463302,
  "loss": 0.0697021484375,
  "mb_sparsity": 0.1041666716337204,
  "mb_mean_score": 0.23116084933280945
}