accuracy,balanced_accuracy,log_loss,loss,mb_injection,mb_mean_score,mb_score_source,mb_sparsity,roc_auc,step,train_mode
0.9375,0.9380964032297529,0.2006099287675694,0.2005615234375,cls_soft_bias,0.4466078281402588,random,0.40625,0.9836065573770492,0,baseline
0.90625,0.9066471163245357,0.2726922499211851,0.272705078125,cls_soft_bias,0.4466078281402588,random,0.40625,0.960654936461388,1,baseline
0.796875,0.8072955974842768,0.34472256770506043,0.3447265625,cls_soft_bias,0.4466078281402588,random,0.40625,0.9222641509433962,2,baseline
0.90625,0.9081133919843598,0.24202362283177992,0.2420654296875,cls_soft_bias,0.4466078281402588,random,0.40625,0.9817937438905181,3,baseline
0.9453125,0.9453125,0.20097751971294947,0.200927734375,cls_soft_bias,0.4466078281402588,random,0.40625,0.981201171875,4,baseline
