{
  "accuracy": 0.9342447916666666,
  "balanced_accuracy": 0.9347378324061435,
  "log_loss": 0.1487182753068473,
  "loss": 0.14846598307291667,
  "mb_mean_score": 0.0,
  "mb_sparsity": 0.0,
  "roc_auc": 0.9867567275940459,
  "num_datasets": 30,
  "aggregation": "mean_over_datasets",
  "train_mode": "baseline",
  "mb_score_source": "none",
  "mb_injection": "none"
}