{
  "accuracy": 0.9723307291666666,
  "balanced_accuracy": 0.9723218159973904,
  "log_loss": 0.06501462223048142,
  "loss": 0.06453882853190104,
  "mb_mean_score": 0.07843925921867291,
  "mb_sparsity": 0.07172619433452686,
  "roc_auc": 0.996834334826191,
  "num_datasets": 30,
  "aggregation": "mean_over_datasets",
  "train_mode": "baseline",
  "mb_score_source": "mi",
  "mb_injection": "cls_soft_bias"
}