{
  "step": 29,
  "train_mode": "baseline",
  "mb_score_source": "corr",
  "mb_injection": "cls_soft_bias",
  "accuracy": 0.97705078125,
  "balanced_accuracy": 0.977100416876632,
  "log_loss": 0.052225224408366064,
  "roc_auc": 0.9984386214057751,
  "loss": 0.051422119140625,
  "mb_sparsity": 0.2083333432674408,
  "mb_mean_score": 0.21389871835708618
}