accuracy,balanced_accuracy,case_dir,case_name,log_loss,loss,mb_injection,mb_mean_score,mb_score_source,mb_sparsity,roc_auc,step,train_mode
0.9140625,0.9145299145299145,/data0/hjx2024/lingyuhui2025/MB/MB1/results/step1/test1/mb_bias_init_1.0/scale_sweep/medium/baseline,baseline,0.19697121953889601,0.197021484375,none,0.0,none,0.0,0.9834859584859585,4,baseline
0.91796875,0.9184981684981685,/data0/hjx2024/lingyuhui2025/MB/MB1/results/step1/test1/mb_bias_init_1.0/scale_sweep/medium/shuffled,shuffled,0.1945612763324416,0.194580078125,cls_soft_bias,0.1875,shuffled,0.1875,0.983058608058608,4,baseline
0.91015625,0.9106837606837607,/data0/hjx2024/lingyuhui2025/MB/MB1/results/step1/test1/mb_bias_init_1.0/scale_sweep/medium/mi,mi,0.18754886683000854,0.1876220703125,cls_soft_bias,0.1876669079065323,mi,0.140625,0.9835164835164835,4,baseline
0.9140625,0.9146520146520146,/data0/hjx2024/lingyuhui2025/MB/MB1/results/step1/test1/mb_bias_init_1.0/scale_sweep/medium/oracle,oracle,0.18682102621720514,0.1868896484375,cls_soft_bias,0.1875,oracle,0.1875,0.9841575091575092,4,baseline
0.91796875,0.9184981684981685,/data0/hjx2024/lingyuhui2025/MB/MB1/results/step1/test1/mb_bias_init_1.0/scale_sweep/medium/corr,corr,0.18659062400907872,0.1866455078125,cls_soft_bias,0.30446040630340576,corr,0.2109375,0.9836080586080586,4,baseline
0.921875,0.9222222222222223,/data0/hjx2024/lingyuhui2025/MB/MB1/results/step1/test1/mb_bias_init_1.0/scale_sweep/medium/random,random,0.18434623236778114,0.184326171875,cls_soft_bias,0.4842285215854645,random,0.46875,0.9837606837606838,4,baseline
