{
  "accuracy": 0.9557454427083333,
  "balanced_accuracy": 0.9557364442183438,
  "log_loss": 0.10030536852490574,
  "loss": 0.09983545939127604,
  "mb_mean_score": 0.17573267022768657,
  "mb_sparsity": 0.08125000428408384,
  "roc_auc": 0.9907720765433934,
  "num_datasets": 30,
  "aggregation": "mean_over_datasets",
  "train_mode": "baseline",
  "mb_score_source": "corr",
  "mb_injection": "cls_soft_bias"
}