{
  "accuracy": 0.9692708333333333,
  "balanced_accuracy": 0.9694244217342128,
  "log_loss": 0.07199281690215885,
  "loss": 0.07132771809895834,
  "mb_mean_score": 0.25,
  "mb_sparsity": 0.25,
  "roc_auc": 0.9969901412602548,
  "num_datasets": 30,
  "aggregation": "mean_over_datasets",
  "train_mode": "baseline",
  "mb_score_source": "oracle",
  "mb_injection": "cls_soft_bias"
}