{
  "step": 29,
  "train_mode": "baseline",
  "mb_score_source": "mi",
  "mb_injection": "cls_soft_bias",
  "accuracy": 0.98193359375,
  "balanced_accuracy": 0.9819600858793756,
  "log_loss": 0.045128223053880256,
  "roc_auc": 0.9989831328805712,
  "loss": 0.04437255859375,
  "mb_sparsity": 0.0535714328289032,
  "mb_mean_score": 0.061522435396909714
}