accuracy,aggregation,balanced_accuracy,case_dir,case_name,log_loss,loss,mb_injection,mb_mean_score,mb_score_source,mb_sparsity,num_datasets,roc_auc,train_mode
0.9528645833333332,mean_over_datasets,0.9529401657826638,results/step1/test1_dag30_talentlike/mb_bias_init_1.0/scale_sweep/large/baseline,baseline,0.1133415436131138,0.11296488444010416,none,0.0,none,0.0,30,0.9924154640450591,baseline
0.9520833333333335,mean_over_datasets,0.9521789185673526,results/step1/test1_dag30_talentlike/mb_bias_init_1.0/scale_sweep/large/shuffled,shuffled,0.11244480968422146,0.11207173665364584,cls_soft_bias,0.1666666716337204,shuffled,0.1666666716337204,30,0.9925241169068446,baseline
0.9515625,mean_over_datasets,0.9516463702484287,results/step1/test1_dag30_talentlike/mb_bias_init_1.0/scale_sweep/large/mi,mi,0.11296735071529167,0.11260172526041666,cls_soft_bias,0.09459060778220495,mi,0.0704861126219233,30,0.9924741080265846,baseline
0.9538194444444442,mean_over_datasets,0.9538895722880516,results/step1/test1_dag30_talentlike/mb_bias_init_1.0/scale_sweep/large/oracle,oracle,0.11002179718040067,0.10963541666666667,cls_soft_bias,0.1666666716337204,oracle,0.1666666716337204,30,0.9928832860734231,baseline
0.951996527777778,mean_over_datasets,0.952079848403222,results/step1/test1_dag30_talentlike/mb_bias_init_1.0/scale_sweep/large/corr,corr,0.11279938381835414,0.11241658528645833,cls_soft_bias,0.19953544388214747,corr,0.09166666933645805,30,0.9924663676789984,baseline
0.9519965277777778,mean_over_datasets,0.9520961535885573,results/step1/test1_dag30_talentlike/mb_bias_init_1.0/scale_sweep/large/random,random,0.11232374756278639,0.11192728678385416,cls_soft_bias,0.45743316411972046,random,0.4166666865348816,30,0.9925094247546744,baseline
