{
  "accuracy": 0.9493489583333333,
  "balanced_accuracy": 0.9495117943958096,
  "log_loss": 0.11711716671591052,
  "loss": 0.11676839192708334,
  "mb_mean_score": 0.25,
  "mb_sparsity": 0.25,
  "roc_auc": 0.9915638895222325,
  "num_datasets": 30,
  "aggregation": "mean_over_datasets",
  "train_mode": "baseline",
  "mb_score_source": "oracle",
  "mb_injection": "cls_soft_bias"
}