{
  "step": 29,
  "train_mode": "baseline",
  "mb_score_source": "oracle",
  "mb_injection": "cls_soft_bias",
  "accuracy": 0.93359375,
  "balanced_accuracy": 0.9347320773183263,
  "log_loss": 0.16168662240084378,
  "roc_auc": 0.9849522877416198,
  "loss": 0.161376953125,
  "mb_sparsity": 0.25,
  "mb_mean_score": 0.25
}