{
  "accuracy": 0.9365885416666667,
  "balanced_accuracy": 0.936956364811419,
  "log_loss": 0.14449094622977204,
  "loss": 0.144171142578125,
  "mb_mean_score": 0.435289204120636,
  "mb_sparsity": 0.375,
  "roc_auc": 0.9873559551414826,
  "num_datasets": 30,
  "aggregation": "mean_over_datasets",
  "train_mode": "baseline",
  "mb_score_source": "random",
  "mb_injection": "cls_soft_bias"
}