{
  "accuracy": 0.9380208333333333,
  "balanced_accuracy": 0.9382530028596866,
  "log_loss": 0.14474717774780432,
  "loss": 0.14441630045572917,
  "mb_mean_score": 0.4057244062423706,
  "mb_sparsity": 0.34375,
  "roc_auc": 0.9869630907740069,
  "num_datasets": 30,
  "aggregation": "mean_over_datasets",
  "train_mode": "baseline",
  "mb_score_source": "random",
  "mb_injection": "cls_soft_bias"
}