{
  "step": 29,
  "train_mode": "baseline",
  "mb_score_source": "random",
  "mb_injection": "cls_soft_bias",
  "accuracy": 0.9296875,
  "balanced_accuracy": 0.9296875,
  "log_loss": 0.199408398102854,
  "roc_auc": 0.976318359375,
  "loss": 0.19921875,
  "mb_sparsity": 0.34375,
  "mb_mean_score": 0.4057244062423706
}