{
  "step": 29,
  "train_mode": "baseline",
  "mb_score_source": "corr",
  "mb_injection": "cls_soft_bias",
  "accuracy": 0.9375,
  "balanced_accuracy": 0.9384634206019085,
  "log_loss": 0.1682815777229214,
  "roc_auc": 0.9833924639099584,
  "loss": 0.16796875,
  "mb_sparsity": 0.0625,
  "mb_mean_score": 0.21507267653942108
}