{
  "accuracy": 0.8963541666666667,
  "balanced_accuracy": 0.8982650463923094,
  "log_loss": 0.24726847787596892,
  "loss": 0.24726155598958333,
  "mb_mean_score": 0.1875,
  "mb_sparsity": 0.1875,
  "roc_auc": 0.9701017659771907,
  "num_datasets": 30,
  "aggregation": "mean_over_datasets",
  "train_mode": "baseline",
  "mb_score_source": "shuffled",
  "mb_injection": "cls_soft_bias"
}