{
  "step": 29,
  "train_mode": "baseline",
  "mb_score_source": "shuffled",
  "mb_injection": "cls_soft_bias",
  "accuracy": 0.859375,
  "balanced_accuracy": 0.8733733733733733,
  "log_loss": 0.3736824538711202,
  "roc_auc": 0.9574574574574575,
  "loss": 0.373779296875,
  "mb_sparsity": 0.1875,
  "mb_mean_score": 0.1875
}