{
  "step": 29,
  "train_mode": "baseline",
  "mb_score_source": "mi",
  "mb_injection": "cls_soft_bias",
  "accuracy": 0.9296875,
  "balanced_accuracy": 0.9310007340347444,
  "log_loss": 0.17567697855073983,
  "roc_auc": 0.9824137509175433,
  "loss": 0.1754150390625,
  "mb_sparsity": 0.0416666679084301,
  "mb_mean_score": 0.09146001189947128
}