{
  "accuracy": 0.9727213541666667,
  "balanced_accuracy": 0.9727226871106734,
  "log_loss": 0.06509354216459837,
  "loss": 0.06441446940104166,
  "mb_mean_score": 0.25,
  "mb_sparsity": 0.25,
  "roc_auc": 0.9974049110427643,
  "num_datasets": 30,
  "aggregation": "mean_over_datasets",
  "train_mode": "baseline",
  "mb_score_source": "shuffled",
  "mb_injection": "cls_soft_bias"
}