{
  "step": 29,
  "train_mode": "baseline",
  "mb_score_source": "corr",
  "mb_injection": "cls_soft_bias",
  "accuracy": 0.9814453125,
  "balanced_accuracy": 0.9813428279220284,
  "log_loss": 0.05880719297332421,
  "roc_auc": 0.9981816030895575,
  "loss": 0.058013916015625,
  "mb_sparsity": 0.3375000059604645,
  "mb_mean_score": 0.35770273208618164
}