accuracy,aggregation,balanced_accuracy,case_dir,case_name,log_loss,loss,mb_injection,mb_mean_score,mb_score_source,mb_sparsity,num_datasets,roc_auc,train_mode
0.9528645833333332,mean_over_datasets,0.9529401657826638,results/step1/test1_dag30_talentlike/mb_bias_init_32.0/scale_sweep/large/baseline,baseline,0.1133415436131138,0.11296488444010416,none,0.0,none,0.0,30,0.9924154640450591,baseline
0.9063368055555556,mean_over_datasets,0.906477665088105,results/step1/test1_dag30_talentlike/mb_bias_init_32.0/scale_sweep/large/shuffled,shuffled,0.21020025167469397,0.21003214518229166,cls_soft_bias,0.1666666716337204,shuffled,0.1666666716337204,30,0.969068222071043,baseline
0.9417534722222219,mean_over_datasets,0.9417423076362328,results/step1/test1_dag30_talentlike/mb_bias_init_32.0/scale_sweep/large/mi,mi,0.14135396335264908,0.14095560709635416,cls_soft_bias,0.09459060778220495,mi,0.0704861126219233,30,0.9867079605388899,baseline
0.962673611111111,mean_over_datasets,0.9627212423902911,results/step1/test1_dag30_talentlike/mb_bias_init_32.0/scale_sweep/large/oracle,oracle,0.0834191693947798,0.08281809488932292,cls_soft_bias,0.1666666716337204,oracle,0.1666666716337204,30,0.9956894208682144,baseline
0.9464409722222222,mean_over_datasets,0.9464402652093561,results/step1/test1_dag30_talentlike/mb_bias_init_32.0/scale_sweep/large/corr,corr,0.13129194517462303,0.13114013671875,cls_soft_bias,0.19953544388214747,corr,0.09166666933645805,30,0.9891564312512249,baseline
0.9238715277777775,mean_over_datasets,0.9238428342880549,results/step1/test1_dag30_talentlike/mb_bias_init_32.0/scale_sweep/large/random,random,0.1822692152300666,0.1822021484375,cls_soft_bias,0.45743316411972046,random,0.4166666865348816,30,0.9799958199483044,baseline
