{
  "step": 29,
  "train_mode": "baseline",
  "mb_score_source": "oracle",
  "mb_injection": "cls_soft_bias",
  "accuracy": 0.9140625,
  "balanced_accuracy": 0.9140625,
  "log_loss": 0.1753318398840955,
  "roc_auc": 0.980224609375,
  "loss": 0.1751708984375,
  "mb_sparsity": 0.25,
  "mb_mean_score": 0.25
}