{
  "accuracy": 0.9196614583333333,
  "balanced_accuracy": 0.9196488092074191,
  "log_loss": 0.20777157110658898,
  "loss": 0.21308186848958333,
  "mb_mean_score": 0.1228657066822052,
  "mb_sparsity": 0.08958333569268385,
  "roc_auc": 0.9720297386320886,
  "num_datasets": 30,
  "aggregation": "mean_over_datasets",
  "train_mode": "baseline",
  "mb_score_source": "mi",
  "mb_injection": "cls_soft_bias"
}