{
  "step": 29,
  "train_mode": "baseline",
  "mb_score_source": "mi",
  "mb_injection": "cls_soft_bias",
  "accuracy": 0.9140625,
  "balanced_accuracy": 0.916075360900416,
  "log_loss": 0.22596792218965994,
  "roc_auc": 0.9760827012478592,
  "loss": 0.2255859375,
  "mb_sparsity": 0.0416666679084301,
  "mb_mean_score": 0.09146001189947128
}