{
  "accuracy": 0.9350260416666667,
  "balanced_accuracy": 0.9351586547043179,
  "log_loss": 0.16324324109863178,
  "loss": 0.163287353515625,
  "mb_mean_score": 0.24800729403893154,
  "mb_sparsity": 0.15000000533958277,
  "roc_auc": 0.9831286225183236,
  "num_datasets": 30,
  "aggregation": "mean_over_datasets",
  "train_mode": "baseline",
  "mb_score_source": "corr",
  "mb_injection": "cls_soft_bias"
}