{
  "step": 29,
  "train_mode": "baseline",
  "mb_score_source": "corr",
  "mb_injection": "cls_soft_bias",
  "accuracy": 0.91796875,
  "balanced_accuracy": 0.919806704183998,
  "log_loss": 0.2344777855391284,
  "roc_auc": 0.9745228774161976,
  "loss": 0.2353515625,
  "mb_sparsity": 0.0625,
  "mb_mean_score": 0.21507267653942108
}