{
  "accuracy": 0.962673611111111,
  "balanced_accuracy": 0.9627212423902911,
  "log_loss": 0.0834191693947798,
  "loss": 0.08281809488932292,
  "mb_mean_score": 0.1666666716337204,
  "mb_sparsity": 0.1666666716337204,
  "roc_auc": 0.9956894208682144,
  "num_datasets": 30,
  "aggregation": "mean_over_datasets",
  "train_mode": "baseline",
  "mb_score_source": "oracle",
  "mb_injection": "cls_soft_bias"
}