{
  "step": 29,
  "train_mode": "baseline",
  "mb_score_source": "oracle",
  "mb_injection": "cls_soft_bias",
  "accuracy": 0.9817708333333334,
  "balanced_accuracy": 0.9815628815628816,
  "log_loss": 0.027923338744465367,
  "roc_auc": 0.9996472663139331,
  "loss": 0.02716064453125,
  "mb_sparsity": 0.1666666716337204,
  "mb_mean_score": 0.1666666716337204
}