{
  "accuracy": 0.9498263888888888,
  "balanced_accuracy": 0.9498930981201682,
  "log_loss": 0.12054011006012359,
  "loss": 0.12005615234375,
  "mb_mean_score": 0.19953544388214747,
  "mb_sparsity": 0.09166666933645805,
  "roc_auc": 0.9908717492588595,
  "num_datasets": 30,
  "aggregation": "mean_over_datasets",
  "train_mode": "baseline",
  "mb_score_source": "corr",
  "mb_injection": "cls_soft_bias"
}