{
  "step": 29,
  "train_mode": "baseline",
  "mb_score_source": "corr",
  "mb_injection": "cls_soft_bias",
  "accuracy": 0.96875,
  "balanced_accuracy": 0.9684981684981685,
  "log_loss": 0.07291197689963641,
  "roc_auc": 0.9962284628951296,
  "loss": 0.07232666015625,
  "mb_sparsity": 0.1041666716337204,
  "mb_mean_score": 0.23116084933280945
}