{
  "accuracy": 0.9196614583333333,
  "balanced_accuracy": 0.9196645838667765,
  "log_loss": 0.1824863554598843,
  "loss": 0.1821563720703125,
  "mb_mean_score": 0.25,
  "mb_sparsity": 0.25,
  "roc_auc": 0.9788033196531664,
  "num_datasets": 30,
  "aggregation": "mean_over_datasets",
  "train_mode": "baseline",
  "mb_score_source": "shuffled",
  "mb_injection": "cls_soft_bias"
}