{
  "step": 29,
  "train_mode": "baseline",
  "mb_score_source": "shuffled",
  "mb_injection": "cls_soft_bias",
  "accuracy": 0.89453125,
  "balanced_accuracy": 0.8963175923660387,
  "log_loss": 0.2439756139912645,
  "roc_auc": 0.9673966234401762,
  "loss": 0.24365234375,
  "mb_sparsity": 0.25,
  "mb_mean_score": 0.25
}