{
  "accuracy": 0.9611002604166666,
  "balanced_accuracy": 0.9610927758765441,
  "log_loss": 0.09237464918087045,
  "loss": 0.09194691975911458,
  "mb_mean_score": 0.46127429604530334,
  "mb_sparsity": 0.4285714626312256,
  "roc_auc": 0.993608413992816,
  "num_datasets": 30,
  "aggregation": "mean_over_datasets",
  "train_mode": "baseline",
  "mb_score_source": "random",
  "mb_injection": "cls_soft_bias"
}