{
  "accuracy": 0.9333333333333333,
  "balanced_accuracy": 0.9333874822527262,
  "log_loss": 0.15744555013160344,
  "loss": 0.1570068359375,
  "mb_mean_score": 0.22715164273977279,
  "mb_sparsity": 0.12135416666666667,
  "roc_auc": 0.985869784080343,
  "num_datasets": 30,
  "aggregation": "mean_over_datasets",
  "train_mode": "baseline",
  "mb_score_source": "corr",
  "mb_injection": "cls_soft_bias"
}