{
  "step": 29,
  "train_mode": "baseline",
  "mb_score_source": "corr",
  "mb_injection": "cls_soft_bias",
  "accuracy": 0.953125,
  "balanced_accuracy": 0.9538414447505357,
  "log_loss": 0.12685717200609564,
  "roc_auc": 0.9903275176002448,
  "loss": 0.1265869140625,
  "mb_sparsity": 0.0625,
  "mb_mean_score": 0.18984484672546387
}