{
  "accuracy": 0.9425618489583333,
  "balanced_accuracy": 0.9425475242017985,
  "log_loss": 0.1337222059421025,
  "loss": 0.1336822509765625,
  "mb_mean_score": 0.25,
  "mb_sparsity": 0.25,
  "roc_auc": 0.985167993540926,
  "num_datasets": 30,
  "aggregation": "mean_over_datasets",
  "train_mode": "baseline",
  "mb_score_source": "shuffled",
  "mb_injection": "cls_soft_bias"
}