{
  "step": 29,
  "train_mode": "baseline",
  "mb_score_source": "mi",
  "mb_injection": "cls_soft_bias",
  "accuracy": 0.955078125,
  "balanced_accuracy": 0.9556214827501834,
  "log_loss": 0.10102909643489821,
  "roc_auc": 0.9940512600929777,
  "loss": 0.10052490234375,
  "mb_sparsity": 0.09375,
  "mb_mean_score": 0.12409842759370804
}