{
  "accuracy": 0.9636067708333333,
  "balanced_accuracy": 0.9635886041197156,
  "log_loss": 0.08263473032759265,
  "loss": 0.08200836181640625,
  "mb_mean_score": 0.25,
  "mb_sparsity": 0.25,
  "roc_auc": 0.9955032351842654,
  "num_datasets": 30,
  "aggregation": "mean_over_datasets",
  "train_mode": "baseline",
  "mb_score_source": "shuffled",
  "mb_injection": "cls_soft_bias"
}