{
  "step": 29,
  "train_mode": "baseline",
  "mb_score_source": "shuffled",
  "mb_injection": "cls_soft_bias",
  "accuracy": 0.9619140625,
  "balanced_accuracy": 0.9617659629680512,
  "log_loss": 0.09076089107599875,
  "roc_auc": 0.995262246035017,
  "loss": 0.09014892578125,
  "mb_sparsity": 0.25,
  "mb_mean_score": 0.25
}