{
  "accuracy": 0.9341145833333333,
  "balanced_accuracy": 0.9344321651382309,
  "log_loss": 0.14508715593091218,
  "loss": 0.14473876953125,
  "mb_mean_score": 0.435289204120636,
  "mb_sparsity": 0.375,
  "roc_auc": 0.9870084737817795,
  "num_datasets": 30,
  "aggregation": "mean_over_datasets",
  "train_mode": "baseline",
  "mb_score_source": "random",
  "mb_injection": "cls_soft_bias"
}