{
  "step": 29,
  "train_mode": "baseline",
  "mb_score_source": "random",
  "mb_injection": "cls_soft_bias",
  "accuracy": 0.94921875,
  "balanced_accuracy": 0.9505662687480869,
  "log_loss": 0.1121295139889691,
  "roc_auc": 0.9943985307621671,
  "loss": 0.11181640625,
  "mb_sparsity": 0.375,
  "mb_mean_score": 0.435289204120636
}