{
  "step": 29,
  "train_mode": "baseline",
  "mb_score_source": "corr",
  "mb_injection": "cls_soft_bias",
  "accuracy": 0.96875,
  "balanced_accuracy": 0.9686609686609686,
  "log_loss": 0.0783038105861591,
  "roc_auc": 0.9966218966218968,
  "loss": 0.07757568359375,
  "mb_sparsity": 0.1041666716337204,
  "mb_mean_score": 0.23116084933280945
}