accuracy,balanced_accuracy,log_loss,loss,mb_injection,mb_mean_score,mb_score_source,mb_sparsity,roc_auc,step,train_mode
0.927734375,0.9274396666208728,0.16504133833753037,0.1649169921875,cls_soft_bias,0.2533155679702759,corr,0.1484375,0.9839034665933964,0,baseline
0.9140625,0.9140625,0.1768359357602715,0.1767578125,cls_soft_bias,0.23903675377368927,corr,0.14453125,0.9813003540039062,1,baseline
0.951171875,0.9514957264957264,0.10995772160501856,0.1097412109375,cls_soft_bias,0.23907819390296936,corr,0.140625,0.9932997557997559,2,baseline
0.923828125,0.9239608130379051,0.17035602848483086,0.1702880859375,cls_soft_bias,0.251783549785614,corr,0.15234375,0.9832295672343283,3,baseline
0.939453125,0.9397615225865628,0.15884636245509842,0.1588134765625,cls_soft_bias,0.23982100188732147,corr,0.1328125,0.9867538026446534,4,baseline
