{
  "accuracy": 0.9509548611111109,
  "balanced_accuracy": 0.9510630103493151,
  "log_loss": 0.11312128154706909,
  "loss": 0.11275227864583333,
  "mb_mean_score": 0.09459013044834137,
  "mb_sparsity": 0.0704861126219233,
  "roc_auc": 0.9923350625798243,
  "num_datasets": 30,
  "aggregation": "mean_over_datasets",
  "train_mode": "baseline",
  "mb_score_source": "mi",
  "mb_injection": "cls_soft_bias"
}