{
  "accuracy": 0.9236979166666667,
  "balanced_accuracy": 0.9241356108708363,
  "log_loss": 0.18013574227471213,
  "loss": 0.17992146809895834,
  "mb_mean_score": 0.1875,
  "mb_sparsity": 0.1875,
  "roc_auc": 0.9811105769491201,
  "num_datasets": 30,
  "aggregation": "mean_over_datasets",
  "train_mode": "baseline",
  "mb_score_source": "shuffled",
  "mb_injection": "cls_soft_bias"
}