{
  "step": 29,
  "train_mode": "baseline",
  "mb_score_source": "shuffled",
  "mb_injection": "cls_soft_bias",
  "accuracy": 0.9140625,
  "balanced_accuracy": 0.9163758800122437,
  "log_loss": 0.17854713811058848,
  "roc_auc": 0.9835629017447199,
  "loss": 0.178466796875,
  "mb_sparsity": 0.1875,
  "mb_mean_score": 0.1875
}