{
  "step": 29,
  "train_mode": "baseline",
  "mb_score_source": "mi",
  "mb_injection": "cls_soft_bias",
  "accuracy": 0.90625,
  "balanced_accuracy": 0.9054187192118226,
  "log_loss": 0.20034291712309782,
  "roc_auc": 0.9780788177339902,
  "loss": 0.2003173828125,
  "mb_sparsity": 0.109375,
  "mb_mean_score": 0.11027412116527557
}