{
  "accuracy": 0.9314453125,
  "balanced_accuracy": 0.9315840521909776,
  "log_loss": 0.16078956353224105,
  "loss": 0.16172383626302084,
  "mb_mean_score": 0.10697936726113161,
  "mb_sparsity": 0.08177083333333333,
  "roc_auc": 0.9830466169628257,
  "num_datasets": 30,
  "aggregation": "mean_over_datasets",
  "train_mode": "baseline",
  "mb_score_source": "mi",
  "mb_injection": "cls_soft_bias"
}