{
  "accuracy": 0.935546875,
  "balanced_accuracy": 0.9359926395504393,
  "log_loss": 0.14741073349876685,
  "loss": 0.1471435546875,
  "mb_mean_score": 0.11021797098219395,
  "mb_sparsity": 0.078125,
  "roc_auc": 0.9870152753746542,
  "num_datasets": 30,
  "aggregation": "mean_over_datasets",
  "train_mode": "baseline",
  "mb_score_source": "mi",
  "mb_injection": "cls_soft_bias"
}