{
  "accuracy": 0.9375,
  "balanced_accuracy": 0.9377285169906212,
  "log_loss": 0.14432951267196387,
  "loss": 0.14414876302083332,
  "mb_mean_score": 0.4057244062423706,
  "mb_sparsity": 0.34375,
  "roc_auc": 0.987656641783231,
  "num_datasets": 30,
  "aggregation": "mean_over_datasets",
  "train_mode": "baseline",
  "mb_score_source": "random",
  "mb_injection": "cls_soft_bias"
}