{
  "step": 29,
  "train_mode": "baseline",
  "mb_score_source": "random",
  "mb_injection": "cls_soft_bias",
  "accuracy": 0.90625,
  "balanced_accuracy": 0.90625,
  "log_loss": 0.1773126620496436,
  "roc_auc": 0.9814453125,
  "loss": 0.17724609375,
  "mb_sparsity": 0.34375,
  "mb_mean_score": 0.4057244062423706
}