{
  "accuracy": 0.9408528645833333,
  "balanced_accuracy": 0.9408433212181692,
  "log_loss": 0.13696978600353923,
  "loss": 0.13686421712239583,
  "mb_mean_score": 0.25,
  "mb_sparsity": 0.25,
  "roc_auc": 0.9839358283623434,
  "num_datasets": 30,
  "aggregation": "mean_over_datasets",
  "train_mode": "baseline",
  "mb_score_source": "shuffled",
  "mb_injection": "cls_soft_bias"
}