{
  "step": 29,
  "train_mode": "baseline",
  "mb_score_source": "shuffled",
  "mb_injection": "cls_soft_bias",
  "accuracy": 0.9599609375,
  "balanced_accuracy": 0.9599309786675219,
  "log_loss": 0.0997155507591939,
  "roc_auc": 0.9945738276299113,
  "loss": 0.099609375,
  "mb_sparsity": 0.25,
  "mb_mean_score": 0.25
}