{
  "step": 29,
  "train_mode": "baseline",
  "mb_score_source": "random",
  "mb_injection": "cls_soft_bias",
  "accuracy": 0.978515625,
  "balanced_accuracy": 0.9783929416433881,
  "log_loss": 0.05787460397103676,
  "roc_auc": 0.9979850712094152,
  "loss": 0.057159423828125,
  "mb_sparsity": 0.38750001788139343,
  "mb_mean_score": 0.4408135414123535
}