{
  "accuracy": 0.9616536458333333,
  "balanced_accuracy": 0.9618237861224241,
  "log_loss": 0.08788502957153715,
  "loss": 0.0873809814453125,
  "mb_mean_score": 0.25,
  "mb_sparsity": 0.25,
  "roc_auc": 0.9955091801241781,
  "num_datasets": 30,
  "aggregation": "mean_over_datasets",
  "train_mode": "baseline",
  "mb_score_source": "shuffled",
  "mb_injection": "cls_soft_bias"
}