{
  "step": 29,
  "train_mode": "baseline",
  "mb_score_source": "shuffled",
  "mb_injection": "cls_soft_bias",
  "accuracy": 0.96484375,
  "balanced_accuracy": 0.9651759530791789,
  "log_loss": 0.07928285902654007,
  "roc_auc": 0.9963037634408601,
  "loss": 0.078857421875,
  "mb_sparsity": 0.25,
  "mb_mean_score": 0.25
}