{
  "accuracy": 0.9369791666666667,
  "balanced_accuracy": 0.9372554398645195,
  "log_loss": 0.14631993282187522,
  "loss": 0.1461456298828125,
  "mb_mean_score": 0.25,
  "mb_sparsity": 0.25,
  "roc_auc": 0.9872139332781631,
  "num_datasets": 30,
  "aggregation": "mean_over_datasets",
  "train_mode": "baseline",
  "mb_score_source": "shuffled",
  "mb_injection": "cls_soft_bias"
}