{
  "step": 29,
  "train_mode": "baseline",
  "mb_score_source": "corr",
  "mb_injection": "cls_soft_bias",
  "accuracy": 0.9296875,
  "balanced_accuracy": 0.9310007340347444,
  "log_loss": 0.1745768600269794,
  "roc_auc": 0.9823831661365303,
  "loss": 0.17431640625,
  "mb_sparsity": 0.0625,
  "mb_mean_score": 0.21507267653942108
}