{
  "accuracy": 0.9236328125,
  "balanced_accuracy": 0.92396808327202,
  "log_loss": 0.17398662915403476,
  "loss": 0.173846435546875,
  "mb_mean_score": 0.25,
  "mb_sparsity": 0.25,
  "roc_auc": 0.9762827134156248,
  "num_datasets": 30,
  "aggregation": "mean_over_datasets",
  "train_mode": "baseline",
  "mb_score_source": "shuffled",
  "mb_injection": "cls_soft_bias"
}