accuracy,balanced_accuracy,case_dir,case_name,log_loss,loss,mb_injection,mb_mean_score,mb_score_source,mb_sparsity,roc_auc,step,train_mode
0.939453125,0.9397615225865628,results/step1/test1/scale_sweep/large/baseline,baseline,0.15884531908134117,0.1588134765625,none,0.0,none,0.0,0.9866926545899258,4,baseline
0.939453125,0.9397615225865628,results/step1/test1/scale_sweep/large/shuffled,shuffled,0.15884636245509842,0.1588134765625,cls_soft_bias,0.15625,shuffled,0.15625,0.9867538026446534,4,baseline
0.939453125,0.9397615225865628,results/step1/test1/scale_sweep/large/mi,mi,0.15884636245509842,0.1588134765625,cls_soft_bias,0.1395178586244583,mi,0.11328125,0.9867538026446534,4,baseline
0.939453125,0.9397615225865628,results/step1/test1/scale_sweep/large/oracle,oracle,0.15884636245509842,0.1588134765625,cls_soft_bias,0.15625,oracle,0.15625,0.9867538026446534,4,baseline
0.939453125,0.9397615225865628,results/step1/test1/scale_sweep/large/corr,corr,0.15884636245509842,0.1588134765625,cls_soft_bias,0.23982100188732147,corr,0.1328125,0.9867538026446534,4,baseline
0.939453125,0.9397615225865628,results/step1/test1/scale_sweep/large/random,random,0.15884636245509842,0.1588134765625,cls_soft_bias,0.5090187788009644,random,0.48828125,0.9867538026446534,4,baseline
