{
  "accuracy": 0.9642252604166667,
  "balanced_accuracy": 0.9641795738051097,
  "log_loss": 0.08372232819827799,
  "loss": 0.08318379720052084,
  "mb_mean_score": 0.20741521765788395,
  "mb_sparsity": 0.10500000187506278,
  "roc_auc": 0.9951628473534572,
  "num_datasets": 30,
  "aggregation": "mean_over_datasets",
  "train_mode": "baseline",
  "mb_score_source": "corr",
  "mb_injection": "cls_soft_bias"
}