{
  "step": 29,
  "train_mode": "baseline",
  "mb_score_source": "mi",
  "mb_injection": "cls_soft_bias",
  "accuracy": 0.9453125,
  "balanced_accuracy": 0.9459261071690727,
  "log_loss": 0.16774024390036962,
  "roc_auc": 0.9829031074137509,
  "loss": 0.1673583984375,
  "mb_sparsity": 0.0416666679084301,
  "mb_mean_score": 0.09146001189947128
}