{
  "step": 29,
  "train_mode": "baseline",
  "mb_score_source": "corr",
  "mb_injection": "cls_soft_bias",
  "accuracy": 0.9296875,
  "balanced_accuracy": 0.9316192225283134,
  "log_loss": 0.1722009059402408,
  "roc_auc": 0.9831955922865013,
  "loss": 0.1719970703125,
  "mb_sparsity": 0.0625,
  "mb_mean_score": 0.18984484672546387
}