{
  "accuracy": 0.9471354166666667,
  "balanced_accuracy": 0.9472953509796707,
  "log_loss": 0.12101625859083952,
  "loss": 0.12067667643229167,
  "mb_mean_score": 0.25,
  "mb_sparsity": 0.25,
  "roc_auc": 0.9911608136083914,
  "num_datasets": 30,
  "aggregation": "mean_over_datasets",
  "train_mode": "baseline",
  "mb_score_source": "shuffled",
  "mb_injection": "cls_soft_bias"
}