{
  "accuracy": 0.9606770833333333,
  "balanced_accuracy": 0.9606362618889999,
  "log_loss": 0.08891239040623072,
  "loss": 0.08833160400390624,
  "mb_mean_score": 0.25,
  "mb_sparsity": 0.25,
  "roc_auc": 0.9953982226397476,
  "num_datasets": 30,
  "aggregation": "mean_over_datasets",
  "train_mode": "baseline",
  "mb_score_source": "oracle",
  "mb_injection": "cls_soft_bias"
}