{
  "step": 29,
  "train_mode": "baseline",
  "mb_score_source": "oracle",
  "mb_injection": "cls_soft_bias",
  "accuracy": 0.95703125,
  "balanced_accuracy": 0.9578541717641302,
  "log_loss": 0.0998942226654621,
  "roc_auc": 0.994372400293614,
  "loss": 0.099365234375,
  "mb_sparsity": 0.25,
  "mb_mean_score": 0.25
}