{
  "step": 29,
  "train_mode": "baseline",
  "mb_score_source": "mi",
  "mb_injection": "cls_soft_bias",
  "accuracy": 0.9661458333333334,
  "balanced_accuracy": 0.9660154660154661,
  "log_loss": 0.06983414211072919,
  "roc_auc": 0.9968525301858636,
  "loss": 0.0694580078125,
  "mb_sparsity": 0.09375,
  "mb_mean_score": 0.1213347315788269
}