{
  "accuracy": 0.981689453125,
  "balanced_accuracy": 0.9816863644637335,
  "log_loss": 0.045679717008849055,
  "loss": 0.04506085713704427,
  "mb_mean_score": 0.25,
  "mb_sparsity": 0.25,
  "roc_auc": 0.9986554279408535,
  "num_datasets": 30,
  "aggregation": "mean_over_datasets",
  "train_mode": "baseline",
  "mb_score_source": "oracle",
  "mb_injection": "cls_soft_bias"
}