{
  "step": 29,
  "train_mode": "baseline",
  "mb_score_source": "corr",
  "mb_injection": "cls_soft_bias",
  "accuracy": 0.9716796875,
  "balanced_accuracy": 0.9715353146799774,
  "log_loss": 0.06442608243117698,
  "roc_auc": 0.9975977316786493,
  "loss": 0.06365966796875,
  "mb_sparsity": 0.3375000059604645,
  "mb_mean_score": 0.35770273208618164
}