{
  "step": 29,
  "train_mode": "baseline",
  "mb_score_source": "mi",
  "mb_injection": "cls_soft_bias",
  "accuracy": 0.90625,
  "balanced_accuracy": 0.90625,
  "log_loss": 0.18192853565404626,
  "roc_auc": 0.97900390625,
  "loss": 0.181884765625,
  "mb_sparsity": 0.03125,
  "mb_mean_score": 0.08974999934434891
}