{
  "X_shape": [
    256,
    32
  ],
  "y_shape": [
    256
  ],
  "mb_shape": [
    32
  ],
  "mb_positive": 8.0,
  "target_std": 0.5009794235229492,
  "mb_abs_mean": 0.787379801273346,
  "non_mb_abs_mean": 0.7805852890014648
}