{
  "step": 29,
  "train_mode": "baseline",
  "mb_score_source": "shuffled",
  "mb_injection": "cls_soft_bias",
  "accuracy": 0.957763671875,
  "balanced_accuracy": 0.9577807024131819,
  "log_loss": 0.09985314229932193,
  "roc_auc": 0.994214944012703,
  "loss": 0.0994873046875,
  "mb_sparsity": 0.25,
  "mb_mean_score": 0.25
}