{
  "step": 29,
  "train_mode": "baseline",
  "mb_score_source": "random",
  "mb_injection": "cls_soft_bias",
  "accuracy": 0.91796875,
  "balanced_accuracy": 0.9194396868118424,
  "log_loss": 0.18044580527375503,
  "roc_auc": 0.9834842182529974,
  "loss": 0.1800537109375,
  "mb_sparsity": 0.375,
  "mb_mean_score": 0.4387126564979553
}