{
  "accuracy": 0.8583333333333333,
  "balanced_accuracy": 0.8621632235583474,
  "log_loss": 0.2997780724811564,
  "loss": 0.299786376953125,
  "mb_mean_score": 0.25,
  "mb_sparsity": 0.25,
  "roc_auc": 0.9282597375534681,
  "num_datasets": 30,
  "aggregation": "mean_over_datasets",
  "train_mode": "baseline",
  "mb_score_source": "oracle",
  "mb_injection": "cls_soft_bias"
}