{
  "step": 29,
  "train_mode": "baseline",
  "mb_score_source": "oracle",
  "mb_injection": "cls_soft_bias",
  "accuracy": 0.75,
  "balanced_accuracy": 0.746031746031746,
  "log_loss": 0.5360831775980607,
  "roc_auc": 0.876984126984127,
  "loss": 0.5361328125,
  "mb_sparsity": 0.25,
  "mb_mean_score": 0.25
}