accuracy,balanced_accuracy,log_loss,loss,mb_injection,mb_mean_score,mb_score_source,mb_sparsity,roc_auc,step,train_mode
0.9453125,0.9462931245412283,0.20215687713572794,0.2021484375,cls_soft_bias,0.25,oracle,0.25,0.9845852703694642,0,baseline
0.890625,0.8914956011730205,0.27668714583204274,0.276611328125,cls_soft_bias,0.25,oracle,0.25,0.959921798631476,1,baseline
0.796875,0.8045283018867925,0.3454195714139098,0.345458984375,cls_soft_bias,0.25,oracle,0.25,0.9261635220125787,2,baseline
0.890625,0.8929618768328447,0.2562710514983385,0.25634765625,cls_soft_bias,0.25,oracle,0.25,0.9787390029325513,3,baseline
0.9453125,0.9453125,0.20351546828629116,0.2034912109375,cls_soft_bias,0.25,oracle,0.25,0.98095703125,4,baseline
