{
  "accuracy": 0.9481770833333333,
  "balanced_accuracy": 0.9482810409373841,
  "log_loss": 0.12765586832934633,
  "loss": 0.1275970458984375,
  "mb_mean_score": 0.435289204120636,
  "mb_sparsity": 0.375,
  "roc_auc": 0.9902219926000894,
  "num_datasets": 30,
  "aggregation": "mean_over_datasets",
  "train_mode": "baseline",
  "mb_score_source": "random",
  "mb_injection": "cls_soft_bias"
}