{
  "accuracy": 0.95703125,
  "balanced_accuracy": 0.9572509958960389,
  "log_loss": 0.09787150222920098,
  "loss": 0.09732157389322917,
  "mb_mean_score": 0.25,
  "mb_sparsity": 0.25,
  "roc_auc": 0.9940685953305478,
  "num_datasets": 30,
  "aggregation": "mean_over_datasets",
  "train_mode": "baseline",
  "mb_score_source": "shuffled",
  "mb_injection": "cls_soft_bias"
}