{
  "step": 29,
  "train_mode": "baseline",
  "mb_score_source": "shuffled",
  "mb_injection": "cls_soft_bias",
  "accuracy": 0.966796875,
  "balanced_accuracy": 0.9673660386591632,
  "log_loss": 0.07669734121295825,
  "roc_auc": 0.9965209811597749,
  "loss": 0.07611083984375,
  "mb_sparsity": 0.25,
  "mb_mean_score": 0.25
}