{
  "accuracy": 0.9747395833333333,
  "balanced_accuracy": 0.9747415150332205,
  "log_loss": 0.06089740767920253,
  "loss": 0.06019948323567708,
  "mb_mean_score": 0.45743316411972046,
  "mb_sparsity": 0.4166666865348816,
  "roc_auc": 0.9976814437121959,
  "num_datasets": 30,
  "aggregation": "mean_over_datasets",
  "train_mode": "baseline",
  "mb_score_source": "random",
  "mb_injection": "cls_soft_bias"
}