{
  "accuracy": 0.9604817708333333,
  "balanced_accuracy": 0.9606335940929003,
  "log_loss": 0.09256050565346581,
  "loss": 0.0920166015625,
  "mb_mean_score": 0.435289204120636,
  "mb_sparsity": 0.375,
  "roc_auc": 0.9946810625120566,
  "num_datasets": 30,
  "aggregation": "mean_over_datasets",
  "train_mode": "baseline",
  "mb_score_source": "random",
  "mb_injection": "cls_soft_bias"
}