{
  "step": 29,
  "train_mode": "baseline",
  "mb_score_source": "random",
  "mb_injection": "cls_soft_bias",
  "accuracy": 0.95703125,
  "balanced_accuracy": 0.9573036457058968,
  "log_loss": 0.08540835391960416,
  "roc_auc": 0.9958863469537558,
  "loss": 0.0849609375,
  "mb_sparsity": 0.375,
  "mb_mean_score": 0.435289204120636
}