{
  "accuracy": 0.9754069010416667,
  "balanced_accuracy": 0.9754146066796989,
  "log_loss": 0.058519743310036405,
  "loss": 0.05783894856770833,
  "mb_mean_score": 0.19355460455020268,
  "mb_sparsity": 0.09756944741432866,
  "roc_auc": 0.997919488443136,
  "num_datasets": 30,
  "aggregation": "mean_over_datasets",
  "train_mode": "baseline",
  "mb_score_source": "corr",
  "mb_injection": "cls_soft_bias"
}