{
  "step": 29,
  "train_mode": "baseline",
  "mb_score_source": "corr",
  "mb_injection": "cls_soft_bias",
  "accuracy": 0.97216796875,
  "balanced_accuracy": 0.9721872279994503,
  "log_loss": 0.07127063174553075,
  "roc_auc": 0.9969898605830165,
  "loss": 0.07147216796875,
  "mb_sparsity": 0.2083333432674408,
  "mb_mean_score": 0.21389871835708618
}