{
  "step": 29,
  "train_mode": "baseline",
  "mb_score_source": "mi",
  "mb_injection": "cls_soft_bias",
  "accuracy": 0.9794921875,
  "balanced_accuracy": 0.9793126345193937,
  "log_loss": 0.06228909905903332,
  "roc_auc": 0.9979946115919462,
  "loss": 0.061492919921875,
  "mb_sparsity": 0.2874999940395355,
  "mb_mean_score": 0.2452700436115265
}