{
  "accuracy": 0.947265625,
  "balanced_accuracy": 0.9473755707913956,
  "log_loss": 0.1240888582808755,
  "loss": 0.1240081787109375,
  "mb_mean_score": 0.220031800866127,
  "mb_sparsity": 0.10625,
  "roc_auc": 0.9896825686538544,
  "num_datasets": 30,
  "aggregation": "mean_over_datasets",
  "train_mode": "baseline",
  "mb_score_source": "corr",
  "mb_injection": "cls_soft_bias"
}