{
  "step": 29,
  "train_mode": "baseline",
  "mb_score_source": "corr",
  "mb_injection": "cls_soft_bias",
  "accuracy": 0.955078125,
  "balanced_accuracy": 0.9558049914362614,
  "log_loss": 0.12153425718720386,
  "roc_auc": 0.9916809395644728,
  "loss": 0.1209716796875,
  "mb_sparsity": 0.09375,
  "mb_mean_score": 0.2457917034626007
}