{
  "step": 29,
  "train_mode": "baseline",
  "mb_score_source": "shuffled",
  "mb_injection": "cls_soft_bias",
  "accuracy": 0.95947265625,
  "balanced_accuracy": 0.9594556934964191,
  "log_loss": 0.09969240662830738,
  "roc_auc": 0.994574782017805,
  "loss": 0.09954833984375,
  "mb_sparsity": 0.25,
  "mb_mean_score": 0.25
}