{
  "step": 29,
  "train_mode": "baseline",
  "mb_score_source": "random",
  "mb_injection": "cls_soft_bias",
  "accuracy": 0.962890625,
  "balanced_accuracy": 0.963818204061659,
  "log_loss": 0.10083683254361983,
  "roc_auc": 0.9949993883043798,
  "loss": 0.100341796875,
  "mb_sparsity": 0.375,
  "mb_mean_score": 0.435289204120636
}