{
  "step": 29,
  "train_mode": "baseline",
  "mb_score_source": "mi",
  "mb_injection": "cls_soft_bias",
  "accuracy": 0.96875,
  "balanced_accuracy": 0.9685091053410877,
  "log_loss": 0.06876486079193438,
  "roc_auc": 0.9974069240280258,
  "loss": 0.0679931640625,
  "mb_sparsity": 0.2874999940395355,
  "mb_mean_score": 0.245273619890213
}