{
  "accuracy": 0.96044921875,
  "balanced_accuracy": 0.9604088312940161,
  "log_loss": 0.09810950777162503,
  "loss": 0.09842809041341145,
  "mb_mean_score": 0.09970609756807486,
  "mb_sparsity": 0.08500000151495139,
  "roc_auc": 0.9926963995540291,
  "num_datasets": 30,
  "aggregation": "mean_over_datasets",
  "train_mode": "baseline",
  "mb_score_source": "mi",
  "mb_injection": "cls_soft_bias"
}