{
  "accuracy": 0.896875,
  "balanced_accuracy": 0.8986971032427727,
  "log_loss": 0.23778158332243043,
  "loss": 0.23777262369791666,
  "mb_mean_score": 0.19774513940016428,
  "mb_sparsity": 0.15729166666666666,
  "roc_auc": 0.971988414635831,
  "num_datasets": 30,
  "aggregation": "mean_over_datasets",
  "train_mode": "baseline",
  "mb_score_source": "mi",
  "mb_injection": "cls_soft_bias"
}