{
  "step": 29,
  "train_mode": "baseline",
  "mb_score_source": "mi",
  "mb_injection": "cls_soft_bias",
  "accuracy": 0.84375,
  "balanced_accuracy": 0.8598598598598599,
  "log_loss": 0.37268584431640017,
  "roc_auc": 0.955955955955956,
  "loss": 0.372802734375,
  "mb_sparsity": 0.1875,
  "mb_mean_score": 0.22399626672267914
}