accuracy,balanced_accuracy,log_loss,loss,mb_injection,mb_mean_score,mb_score_source,mb_sparsity,roc_auc,step,train_mode
0.87890625,0.87890625,0.2620273861208464,0.261962890625,none,0.0,none,0.0,0.9642333984375,0,baseline
0.8828125,0.8829884636513459,0.24520870473661616,0.2452392578125,none,0.0,none,0.0,0.9628883598852468,1,baseline
0.8828125,0.8834310850439883,0.259787735179564,0.259765625,none,0.0,none,0.0,0.9599523460410557,2,baseline
0.90625,0.9060001220777636,0.23564080672674664,0.235595703125,none,0.0,none,0.0,0.9684123786852225,3,baseline
0.9140625,0.9145299145299145,0.19697121953889601,0.197021484375,none,0.0,none,0.0,0.9834859584859585,4,baseline
