{
  "accuracy": 0.9673177083333333,
  "balanced_accuracy": 0.967491604195263,
  "log_loss": 0.07563889371551472,
  "loss": 0.07500406901041666,
  "mb_mean_score": 0.25,
  "mb_sparsity": 0.25,
  "roc_auc": 0.9967117252323825,
  "num_datasets": 30,
  "aggregation": "mean_over_datasets",
  "train_mode": "baseline",
  "mb_score_source": "oracle",
  "mb_injection": "cls_soft_bias"
}