{
  "step": 29,
  "train_mode": "baseline",
  "mb_score_source": "oracle",
  "mb_injection": "cls_soft_bias",
  "accuracy": 0.96875,
  "balanced_accuracy": 0.9689638318670577,
  "log_loss": 0.07283612368789731,
  "roc_auc": 0.996502321603128,
  "loss": 0.07220458984375,
  "mb_sparsity": 0.25,
  "mb_mean_score": 0.25
}