{
  "accuracy": 0.91640625,
  "balanced_accuracy": 0.9169877524063708,
  "log_loss": 0.19285539863727472,
  "loss": 0.19276631673177083,
  "mb_mean_score": 0.1875,
  "mb_sparsity": 0.1875,
  "roc_auc": 0.9782743653560881,
  "num_datasets": 30,
  "aggregation": "mean_over_datasets",
  "train_mode": "baseline",
  "mb_score_source": "shuffled",
  "mb_injection": "cls_soft_bias"
}