{
  "step": 29,
  "train_mode": "baseline",
  "mb_score_source": "random",
  "mb_injection": "cls_soft_bias",
  "accuracy": 0.828125,
  "balanced_accuracy": 0.8413413413413413,
  "log_loss": 0.4157897129764534,
  "roc_auc": 0.9459459459459458,
  "loss": 0.415771484375,
  "mb_sparsity": 0.34375,
  "mb_mean_score": 0.4057244062423706
}