{
  "accuracy": 0.9592013888888888,
  "balanced_accuracy": 0.9593557070774775,
  "log_loss": 0.09935723871902549,
  "loss": 0.09889424641927083,
  "mb_mean_score": 0.1666666716337204,
  "mb_sparsity": 0.1666666716337204,
  "roc_auc": 0.9938245090249406,
  "num_datasets": 30,
  "aggregation": "mean_over_datasets",
  "train_mode": "baseline",
  "mb_score_source": "oracle",
  "mb_injection": "cls_soft_bias"
}