{
  "step": 29,
  "train_mode": "baseline",
  "mb_score_source": "oracle",
  "mb_injection": "cls_soft_bias",
  "accuracy": 0.984375,
  "balanced_accuracy": 0.9842897842897843,
  "log_loss": 0.042747871433188984,
  "roc_auc": 0.9991317324650657,
  "loss": 0.042144775390625,
  "mb_sparsity": 0.1666666716337204,
  "mb_mean_score": 0.1666666716337204
}