accuracy,balanced_accuracy,case_dir,case_name,log_loss,loss,mb_injection,mb_mean_score,mb_score_source,mb_sparsity,roc_auc,step,train_mode
0.9140625,0.9145299145299145,results/step1/test1/scale_sweep/medium/baseline,baseline,0.19697121953889601,0.197021484375,none,0.0,none,0.0,0.9834859584859585,4,baseline
0.9140625,0.9145299145299145,results/step1/test1/scale_sweep/medium/shuffled,shuffled,0.19702602288892707,0.197021484375,cls_soft_bias,0.1875,shuffled,0.1875,0.9834554334554335,4,baseline
0.9140625,0.9145299145299145,results/step1/test1/scale_sweep/medium/mi,mi,0.19702602288892707,0.197021484375,cls_soft_bias,0.1876669079065323,mi,0.140625,0.9834554334554335,4,baseline
0.9140625,0.9145299145299145,results/step1/test1/scale_sweep/medium/oracle,oracle,0.19702602288892707,0.197021484375,cls_soft_bias,0.1875,oracle,0.1875,0.9834554334554335,4,baseline
0.9140625,0.9145299145299145,results/step1/test1/scale_sweep/medium/corr,corr,0.19702602288892707,0.197021484375,cls_soft_bias,0.30446040630340576,corr,0.2109375,0.9834554334554335,4,baseline
0.9140625,0.9145299145299145,results/step1/test1/scale_sweep/medium/random,random,0.19702602288892707,0.197021484375,cls_soft_bias,0.4842285215854645,random,0.46875,0.9834554334554335,4,baseline
