{
  "accuracy": 0.96787109375,
  "balanced_accuracy": 0.9679071019135846,
  "log_loss": 0.07338481051341102,
  "loss": 0.07272542317708333,
  "mb_mean_score": 0.25,
  "mb_sparsity": 0.25,
  "roc_auc": 0.9966382731436342,
  "num_datasets": 30,
  "aggregation": "mean_over_datasets",
  "train_mode": "baseline",
  "mb_score_source": "shuffled",
  "mb_injection": "cls_soft_bias"
}