{
  "step": 29,
  "train_mode": "baseline",
  "mb_score_source": "shuffled",
  "mb_injection": "cls_soft_bias",
  "accuracy": 0.9736328125,
  "balanced_accuracy": 0.9736308045608695,
  "log_loss": 0.05872792338813046,
  "roc_auc": 0.9980411454816646,
  "loss": 0.05816650390625,
  "mb_sparsity": 0.25,
  "mb_mean_score": 0.25
}