{
  "step": 29,
  "train_mode": "baseline",
  "mb_score_source": "corr",
  "mb_injection": "cls_soft_bias",
  "accuracy": 0.84375,
  "balanced_accuracy": 0.8598598598598599,
  "log_loss": 0.37777868495801425,
  "roc_auc": 0.9564564564564565,
  "loss": 0.377685546875,
  "mb_sparsity": 0.1875,
  "mb_mean_score": 0.31022876501083374
}