{
  "accuracy": 0.9322916666666666,
  "balanced_accuracy": 0.932243766524443,
  "log_loss": 0.18575943228836747,
  "loss": 0.18946736653645832,
  "mb_mean_score": 0.1228657066822052,
  "mb_sparsity": 0.08958333569268385,
  "roc_auc": 0.9798609887479188,
  "num_datasets": 30,
  "aggregation": "mean_over_datasets",
  "train_mode": "baseline",
  "mb_score_source": "mi",
  "mb_injection": "cls_soft_bias"
}