{
  "step": 29,
  "train_mode": "baseline",
  "mb_score_source": "mi",
  "mb_injection": "cls_soft_bias",
  "accuracy": 0.91796875,
  "balanced_accuracy": 0.9205407389283092,
  "log_loss": 0.2593375681811536,
  "roc_auc": 0.9745840469782235,
  "loss": 0.263427734375,
  "mb_sparsity": 0.0416666679084301,
  "mb_mean_score": 0.09146001189947128
}