{
  "accuracy": 0.9571614583333333,
  "balanced_accuracy": 0.9573496719261303,
  "log_loss": 0.10205742338905831,
  "loss": 0.10172220865885416,
  "mb_mean_score": 0.10698045392831167,
  "mb_sparsity": 0.08177083333333333,
  "roc_auc": 0.9940912189520216,
  "num_datasets": 30,
  "aggregation": "mean_over_datasets",
  "train_mode": "baseline",
  "mb_score_source": "mi",
  "mb_injection": "cls_soft_bias"
}