{
  "accuracy": 0.9446614583333334,
  "balanced_accuracy": 0.9448931258731034,
  "log_loss": 0.13334962234474906,
  "loss": 0.1331634521484375,
  "mb_mean_score": 0.25,
  "mb_sparsity": 0.25,
  "roc_auc": 0.989189195035798,
  "num_datasets": 30,
  "aggregation": "mean_over_datasets",
  "train_mode": "baseline",
  "mb_score_source": "shuffled",
  "mb_injection": "cls_soft_bias"
}