{
  "step": 29,
  "train_mode": "baseline",
  "mb_score_source": "corr",
  "mb_injection": "cls_soft_bias",
  "accuracy": 0.9140625,
  "balanced_accuracy": 0.9140394088669951,
  "log_loss": 0.20093254533125326,
  "roc_auc": 0.9775862068965517,
  "loss": 0.200927734375,
  "mb_sparsity": 0.125,
  "mb_mean_score": 0.2098074108362198
}