{
  "accuracy": 0.936328125,
  "balanced_accuracy": 0.9367803145273148,
  "log_loss": 0.14591776360967154,
  "loss": 0.14561767578125,
  "mb_mean_score": 0.435289204120636,
  "mb_sparsity": 0.375,
  "roc_auc": 0.9872307370128809,
  "num_datasets": 30,
  "aggregation": "mean_over_datasets",
  "train_mode": "baseline",
  "mb_score_source": "random",
  "mb_injection": "cls_soft_bias"
}