{
  "step": 29,
  "train_mode": "baseline",
  "mb_score_source": "random",
  "mb_injection": "cls_soft_bias",
  "accuracy": 0.978759765625,
  "balanced_accuracy": 0.9787670277558231,
  "log_loss": 0.05450865255384276,
  "roc_auc": 0.9982492719207583,
  "loss": 0.053863525390625,
  "mb_sparsity": 0.4285714626312256,
  "mb_mean_score": 0.46127429604530334
}