{
  "accuracy": 0.93515625,
  "balanced_accuracy": 0.9356090239935118,
  "log_loss": 0.14732935431761288,
  "loss": 0.14704793294270832,
  "mb_mean_score": 0.11021797098219395,
  "mb_sparsity": 0.078125,
  "roc_auc": 0.9868891678510465,
  "num_datasets": 30,
  "aggregation": "mean_over_datasets",
  "train_mode": "baseline",
  "mb_score_source": "mi",
  "mb_injection": "cls_soft_bias"
}