{
  "step": 29,
  "train_mode": "baseline",
  "mb_score_source": "mi",
  "mb_injection": "cls_soft_bias",
  "accuracy": 0.95703125,
  "balanced_accuracy": 0.9584022038567493,
  "log_loss": 0.1171363073006855,
  "roc_auc": 0.9927150290786654,
  "loss": 0.11688232421875,
  "mb_sparsity": 0.03125,
  "mb_mean_score": 0.07971439510583878
}