{
  "step": 29,
  "train_mode": "baseline",
  "mb_score_source": "mi",
  "mb_injection": "cls_soft_bias",
  "accuracy": 0.978271484375,
  "balanced_accuracy": 0.9782703960536496,
  "log_loss": 0.05616691006813096,
  "roc_auc": 0.9982545171907764,
  "loss": 0.055389404296875,
  "mb_sparsity": 0.0535714328289032,
  "mb_mean_score": 0.06152139604091644
}