{
  "step": 4,
  "train_mode": "baseline",
  "mb_score_source": "none",
  "mb_injection": "none",
  "accuracy": 0.921875,
  "balanced_accuracy": 0.921875,
  "log_loss": 0.2190688399119572,
  "roc_auc": 0.97802734375,
  "loss": 0.2191162109375,
  "mb_sparsity": 0.0,
  "mb_mean_score": 0.0
}