{
  "accuracy": 0.9379557291666667,
  "balanced_accuracy": 0.9379527791063909,
  "log_loss": 0.14493243832251407,
  "loss": 0.14484761555989584,
  "mb_mean_score": 0.25,
  "mb_sparsity": 0.25,
  "roc_auc": 0.9834057405563363,
  "num_datasets": 30,
  "aggregation": "mean_over_datasets",
  "train_mode": "baseline",
  "mb_score_source": "shuffled",
  "mb_injection": "cls_soft_bias"
}