{
  "accuracy": 0.9426215277777776,
  "balanced_accuracy": 0.9426048630946084,
  "log_loss": 0.13643025998696767,
  "loss": 0.13608601888020833,
  "mb_mean_score": 0.09459104935328165,
  "mb_sparsity": 0.0704861126219233,
  "roc_auc": 0.9891654742472389,
  "num_datasets": 30,
  "aggregation": "mean_over_datasets",
  "train_mode": "baseline",
  "mb_score_source": "mi",
  "mb_injection": "cls_soft_bias"
}