{
  "step": 29,
  "train_mode": "baseline",
  "mb_score_source": "mi",
  "mb_injection": "cls_soft_bias",
  "accuracy": 0.9661458333333334,
  "balanced_accuracy": 0.9660154660154661,
  "log_loss": 0.07543924640858343,
  "roc_auc": 0.9969610636277302,
  "loss": 0.07470703125,
  "mb_sparsity": 0.09375,
  "mb_mean_score": 0.1213347315788269
}