{
  "accuracy": 0.9625868055555553,
  "balanced_accuracy": 0.9627036287248084,
  "log_loss": 0.08949817324480405,
  "loss": 0.08892008463541666,
  "mb_mean_score": 0.1666666716337204,
  "mb_sparsity": 0.1666666716337204,
  "roc_auc": 0.9948799281703202,
  "num_datasets": 30,
  "aggregation": "mean_over_datasets",
  "train_mode": "baseline",
  "mb_score_source": "oracle",
  "mb_injection": "cls_soft_bias"
}