{
  "step": 29,
  "train_mode": "baseline",
  "mb_score_source": "oracle",
  "mb_injection": "cls_soft_bias",
  "accuracy": 0.9791666666666666,
  "balanced_accuracy": 0.9789987789987791,
  "log_loss": 0.03406201424398545,
  "roc_auc": 0.9994030660697327,
  "loss": 0.0333251953125,
  "mb_sparsity": 0.1666666716337204,
  "mb_mean_score": 0.1666666716337204
}