{
  "accuracy": 0.97099609375,
  "balanced_accuracy": 0.9709700664233618,
  "log_loss": 0.06776712487368629,
  "loss": 0.06710561116536458,
  "mb_mean_score": 0.25,
  "mb_sparsity": 0.25,
  "roc_auc": 0.9969368695828874,
  "num_datasets": 30,
  "aggregation": "mean_over_datasets",
  "train_mode": "baseline",
  "mb_score_source": "oracle",
  "mb_injection": "cls_soft_bias"
}