{
  "step": 29,
  "train_mode": "baseline",
  "mb_score_source": "oracle",
  "mb_injection": "cls_soft_bias",
  "accuracy": 0.9775390625,
  "balanced_accuracy": 0.9774350872372579,
  "log_loss": 0.05319573080903142,
  "roc_auc": 0.9983113522919815,
  "loss": 0.052459716796875,
  "mb_sparsity": 0.25,
  "mb_mean_score": 0.25
}