accuracy,balanced_accuracy,log_loss,loss,mb_injection,mb_mean_score,mb_score_source,mb_sparsity,roc_auc,step,train_mode
0.8828125,0.8828125,0.25089984621792216,0.2509765625,cls_soft_bias,0.17864252626895905,mi,0.125,0.96673583984375,0,baseline
0.87890625,0.8790514557773301,0.24824750129215634,0.248291015625,cls_soft_bias,0.1985032856464386,mi,0.1796875,0.9638649819935299,1,baseline
0.88671875,0.887218963831867,0.25931676867708275,0.25927734375,cls_soft_bias,0.19137006998062134,mi,0.1640625,0.9629154447702835,2,baseline
0.90625,0.9060611609595313,0.22530220280274704,0.225341796875,cls_soft_bias,0.20554256439208984,mi,0.171875,0.9702130256973692,3,baseline
0.91015625,0.9106837606837607,0.18754886683000854,0.1876220703125,cls_soft_bias,0.1876669079065323,mi,0.140625,0.9835164835164835,4,baseline
