{
  "accuracy": 0.953125,
  "balanced_accuracy": 0.9532824922976207,
  "log_loss": 0.11637625030328767,
  "loss": 0.116339111328125,
  "mb_mean_score": 0.220031800866127,
  "mb_sparsity": 0.10625,
  "roc_auc": 0.9912992391226735,
  "num_datasets": 30,
  "aggregation": "mean_over_datasets",
  "train_mode": "baseline",
  "mb_score_source": "corr",
  "mb_injection": "cls_soft_bias"
}