{
  "accuracy": 0.95283203125,
  "balanced_accuracy": 0.9528103615334743,
  "log_loss": 0.11130625224204778,
  "loss": 0.11103719075520833,
  "mb_mean_score": 0.4408135414123535,
  "mb_sparsity": 0.38750001788139343,
  "roc_auc": 0.9914853194009818,
  "num_datasets": 30,
  "aggregation": "mean_over_datasets",
  "train_mode": "baseline",
  "mb_score_source": "random",
  "mb_injection": "cls_soft_bias"
}