{
  "accuracy": 0.93671875,
  "balanced_accuracy": 0.9371610274090076,
  "log_loss": 0.1440531297700433,
  "loss": 0.14377237955729166,
  "mb_mean_score": 0.1875,
  "mb_sparsity": 0.1875,
  "roc_auc": 0.9875759019172476,
  "num_datasets": 30,
  "aggregation": "mean_over_datasets",
  "train_mode": "baseline",
  "mb_score_source": "oracle",
  "mb_injection": "cls_soft_bias"
}