{
  "step": 29,
  "train_mode": "baseline",
  "mb_score_source": "oracle",
  "mb_injection": "cls_soft_bias",
  "accuracy": 0.95703125,
  "balanced_accuracy": 0.9584022038567493,
  "log_loss": 0.11202575412864718,
  "roc_auc": 0.9938169574533211,
  "loss": 0.11175537109375,
  "mb_sparsity": 0.1875,
  "mb_mean_score": 0.1875
}