{
  "accuracy": 0.96689453125,
  "balanced_accuracy": 0.9669421270126051,
  "log_loss": 0.07433777412268285,
  "loss": 0.0737030029296875,
  "mb_mean_score": 0.0,
  "mb_sparsity": 0.0,
  "roc_auc": 0.9965640729384148,
  "num_datasets": 30,
  "aggregation": "mean_over_datasets",
  "train_mode": "baseline",
  "mb_score_source": "none",
  "mb_injection": "none"
}