{
  "accuracy": 0.9455729166666667,
  "balanced_accuracy": 0.9456452096506742,
  "log_loss": 0.12644917208571707,
  "loss": 0.12615458170572916,
  "mb_mean_score": 0.1228657066822052,
  "mb_sparsity": 0.08958333569268385,
  "roc_auc": 0.9899967310480264,
  "num_datasets": 30,
  "aggregation": "mean_over_datasets",
  "train_mode": "baseline",
  "mb_score_source": "mi",
  "mb_injection": "cls_soft_bias"
}